(+)-Limonene	CC1=CCC(CC1)C(=C)C
(+)-trans-Carveol	CC1=CCC(CC1O)C(=C)C
(1R)-Glutathionyl-(2R)-hydroxy-1,2-dihydronaphthalene	C1=CC=C2C(C(C=CC2=C1)O)SCC(C(=O)NCC(=O)O)NC(=O)CCC(C(=O)O)N
(1R)-Hydroxy-(2R)-glutathionyl-1,2-dihydronaphthalene	C1=CC=C2C(C(C=CC2=C1)SCC(C(=O)NCC(=O)O)NC(=O)CCC(C(=O)O)N)O
(1R,2S)-Naphthalene epoxide	C1=CC=C2C3C(O3)C=CC2=C1
(1S)-Hydroxy-(2S)-glutathionyl-1,2-dihydronaphthalene	C1=CC=C2C(C(C=CC2=C1)SCC(C(=O)NCC(=O)O)NC(=O)CCC(C(=O)O)N)O
(1S,2R)-Naphthalene epoxide	C1=CC=C2C3C(O3)C=CC2=C1
(2-Naphthyl)methanol	C1=CC=C2C=C(C=CC2=C1)CO
(2E)-Decenoyl-[acp]	
(2E)-Dodecenoyl-[acp]	
(2E)-Hexadecenoyl-[acp]	
(2E)-Hexenoyl-[acp]	
(2E)-Octadecenoyl-[acp]	
(2E)-Octenoyl-[acp]	
(2E)-Tetradecenoyl-[acp]	
(3S)-Citryl-CoA	CC(C)(COP(=O)(O)OP(=O)(O)OCC1C(C(C(O1)N2C=NC3=C(N=CN=C32)N)O)OP(=O)(O)O)C(C(=O)NCCC(=O)NCCSC(=O)CC(CC(=O)O)(C(=O)O)O)O
(R)-(+)-Citronellal	CC(CCC=C(C)C)CC=O
(R)-1-Aminopropan-2-yl phosphate	CC(CN)OP(=O)(O)O
(R)-3-Hydroxyacyl-CoA	
(R)-3-Hydroxybutanoyl-CoA	CC(CC(=O)SCCNC(=O)CCNC(=O)C(C(C)(C)COP(=O)(O)OP(=O)(O)OCC1C(C(C(O1)N2C=NC3=C(N=CN=C32)N)O)OP(=O)(O)O)O)O
(R)-3-Hydroxybutanoyl-[acyl-carrier protein]	
(R)-3-Hydroxydecanoyl-[acyl-carrier protein]	
(R)-3-Hydroxyoctanoyl-[acyl-carrier protein]	
(R)-4'-Phosphopantothenoyl-L-cysteine	CC(C)(COP(=O)(O)O)C(C(=O)NCCC(=O)NC(CS)C(=O)O)O
(R)-Allantoin	C1(C(=O)NC(=O)N1)NC(=O)N
(R)-Mandelate	C1=CC=C(C=C1)C(C(=O)[O-])O
(R)-S-Lactoylglutathione	CC(C(=O)SCC(C(=O)NCC(=O)O)NC(=O)CCC(C(=O)O)N)O
(S)-(-)-Citronellal	CC(CCC=C(C)C)CC=O
(S)-Acetoin	CC(C(=O)C)O
(S)-Canadine	COC1=C(C2=C(CC3C4=CC5=C(C=C4CCN3C2)OCO5)C=C1)OC
(Z)-Phenylacetaldehyde oxime	C1=CC=C(C=C1)CC=NO
1,2-Diacyl-sn-glycerol didodecanoyl	
1,2-Diacyl-sn-glycerol dihexadec-9-enoyl	
1,2-Diacyl-sn-glycerol dihexadecanoyl	
1,2-Diacyl-sn-glycerol dioctadec-11-enoyl	
1,2-Diacyl-sn-glycerol dioctadecanoyl	
1,2-Diacyl-sn-glycerol ditetradec-7-enoyl	
1,2-Diacyl-sn-glycerol ditetradecanoyl	
1,2-Dianteisoheptadecanoyl-sn-glycerol	
1,2-Dianteisopentadecanoyl-sn-glycerol	
1,2-Dibromoethane	C(CBr)Br
1,2-Diisoheptadecanoyl-sn-glycerol	
1,2-Diisohexadecanoyl-sn-glycerol	
1,2-Diisopentadecanoyl-sn-glycerol	
1,2-Diisotetradecanoyl-sn-glycerol	
1,2-dianteisoheptadecanoyl-sn-glycerol 3-phosphate	
1,2-dianteisopentadecanoyl-sn-glycerol 3-phosphate	
1,2-didodecanoyl-sn-glycerol 3-phosphate	
1,2-dihexadec-9-enoyl-sn-glycerol 3-phosphate	
1,2-dihexadecanoyl-sn-glycerol 3-phosphate	
1,2-dihydroxy-3-keto-5-methylthiopentene	CSCCC(=O)C(=CO)O
1,2-diisoheptadecanoyl-sn-glycerol 3-phosphate	
1,2-diisohexadecanoyl-sn-glycerol 3-phosphate	
1,2-diisopentadecanoyl-sn-glycerol 3-phosphate	
1,2-diisotetradecanoyl-sn-glycerol 3-phosphate	
1,2-dioctadec-11-enoyl-sn-glycerol 3-phosphate	
1,2-dioctadecanoyl-sn-glycerol 3-phosphate	
1,2-ditetradec-7-enoyl-sn-glycerol 3-phosphate	CCCCCCC=CCCCCCC(=O)OCC(COP(=O)([O-])[O-])OC(=O)CCCCCC=CCCCCCC
1,2-ditetradecanoyl-sn-glycerol 3-phosphate	CCCCCCCCCCCCCC(=O)OCC(COP(=O)([O-])[O-])OC(=O)CCCCCCCCCCCCC
1,3-Bisphospho-D-glycerate	C(C(C(=O)OP(=O)(O)O)O)OP(=O)(O)O
1,4-Dihydroxy-2-naphthoyl-CoA	CC(C)(COP(=O)(O)OP(=O)(O)OCC1C(C(C(O1)N2C=NC3=C(N=CN=C32)N)O)OP(=O)(O)O)C(C(=O)NCCC(=O)NCCSC(=O)C4=C(C5=CC=CC=C5C(=C4)O)O)O
1-(2-carboxyphenylamino)-1-deoxyribulose 5-phosphate	C1=CC=C(C(=C1)C(=O)O)NCC(=O)C(C(COP(=O)(O)O)O)O
1-4-Dihydroxy-2-naphthoate	
1-Acyl-sn-glycero-3-phosphoglycerol octadecanoyl	
1-Alcohol	
1-Alkenyl-2-acylglycerol	
1-Alkyl-2-acylglycerol	
1-Alkyl-2-acylglycerophosphoethanolamine	
1-Aminopropan-2-ol	CC(CN)O
1-Hydroxy-2-methyl-2-butenyl 4-diphosphate	CC(=CCOP(=O)(O)OP(=O)(O)O)CO
1-Hydroxy-2-naphthaldehyde	C1=CC=C2C(=C1)C=CC(=C2O)C=O
1-Hydroxy-2-naphthoate	C1=CC=C2C(=C1)C=CC(=C2[O-])C(=O)O
1-Naphthaldehyde	C1=CC=C2C(=C1)C=CC=C2C=O
1-Naphthalenemethanol	C1=CC=C2C(=C1)C=CC=C2CO
1-Naphthoic acid	C1=CC=C2C(=C1)C=CC=C2C(=O)O
1-Nitro-5-glutathionyl-6-hydroxy-5,6-dihydronaphthalene	C1=CC2=C(C=CC(C2SCC(C(=O)NCC(=O)O)NC(=O)CCC(C(=O)O)N)O)C(=C1)[N+](=O)[O-]
1-Nitro-5-hydroxy-6-glutathionyl-5,6-dihydronaphthalene	C1=CC2=C(C=CC(C2O)SCC(C(=O)NCC(=O)O)NC(=O)CCC(C(=O)O)N)C(=C1)[N+](=O)[O-]
1-Nitro-7-glutathionyl-8-hydroxy-7,8-dihydronaphthalene	C1=CC2=C(C(C(C=C2)SCC(C(=O)NCC(=O)O)NC(=O)CCC(C(=O)O)N)O)C(=C1)[N+](=O)[O-]
1-Nitro-7-hydroxy-8-glutathionyl-7,8-dihydronaphthalene	C1=CC2=C(C(C(C=C2)O)SCC(C(=O)NCC(=O)O)NC(=O)CCC(C(=O)O)N)C(=C1)[N+](=O)[O-]
1-Nitronaphthalene-5,6-oxide	C1=CC2=C(C=CC3C2O3)C(=C1)[N+](=O)[O-]
1-Nitronaphthalene-7,8-oxide	C1=CC2=C(C3C(O3)C=C2)C(=C1)[N+](=O)[O-]
1-Phosphatidyl-1D-myo-inositol 3,4-bisphosphate	
1-Phosphatidyl-1D-myo-inositol 3-phosphate	C(C(COP(=O)(O)OC1C(C(C(C(C1O)OP(=O)(O)O)O)O)O)C(=O)O)C(=O)O
1-Pyrroline-4-hydroxy-2-carboxylate	C1C(CN=C1C(=O)O)O
1-Pyrroline-5-carboxylate	C1CC(N=C1)C(=O)[O-]
1-anteisoheptadecanoyl-sn-glycerol 3-phosphate	
1-deoxy-D-xylulose5-phosphate	
1-isoheptadecanoyl-sn-glycerol 3-phosphate	
10-Formyl-THF-L-glutamate	C1C(NC2=C(N1)N=C(NC2=O)N)CN(C=O)C3=CC=C(C=C3)C(=O)NC(CCC(=O)NC(CCC(=O)O)C(=O)O)C(=O)O
10-Formyldihydrofolate	C1C(=NC2=C(N1)N=C(NC2=O)N)CN(C=O)C3=CC=C(C=C3)C(=O)NC(CCC(=O)O)C(=O)O
10-Formyltetrahydrofolate	C1C(NC2=C(N1)N=C(NC2=O)N)CN(C=O)C3=CC=C(C=C3)C(=O)NC(CCC(=O)O)C(=O)O
10-methyl-3-hydroxy-dodecanoyl-ACP	
10-methyl-3-oxo-dodecanoyl-ACP	
10-methyl-3-oxo-undecanoyl-ACP	
10-methyl-dodecanoyl-ACP	
10-methyl-trans-dodec-2-enoyl-ACP	
10-methyl-trans-undec-2-enoyl-ACP	
10-methyl-undecanoyl-ACP	
11-cis-Retinol	CC1=C(C(CCC1)(C)C)C=CC(=CC=CC(=CCO)C)C
11-cis-Retinyl palmitate	CCCCCCCCCCCCCCCC(=O)OCC=C(C)C=CC=C(C)C=CC1=C(CCCC1(C)C)C
11-methyl-3-hydroxy-dodecanoyl-ACP	
11-methyl-3-oxo-dodecanoyl-ACP	
11-methyl-dodecanoyl-ACP	
11-methyl-trans-dodec-2-enoyl-ACP	
12-methyl-3-hydroxy-tetra-decanoyl-ACP	
12-methyl-3-oxo-tetra-decanoyl-ACP	
12-methyl-3-oxo-tridecanoyl-ACP	
12-methyl-tetra-decanoyl-ACP	
12-methyl-trans-tetra-dec-2-enoyl-ACP	
12-methyl-trans-tridec-2-enoyl-ACP	
12-methyl-tridecanoyl-ACP	
13(1)-Hydroxy-Mg-protoporphyrin IX 13-monomethyl ester	CC1=C(C2=CC3=NC(=CC4=C(C(=C([N-]4)C=C5C(=C(C(=N5)C=C1[N-]2)C)CCC(=O)O)C(CC(=O)OC)O)C)C(=C3C)C=C)C=C.[Mg+2]
13(1)-Oxo-Mg-protoporphyrin IX 13-monomethyl ester	CC1=C(C2=CC3=NC(=CC4=C(C(=C([N-]4)C=C5C(=C(C(=N5)C=C1[N-]2)C)CCC(=O)O)C(=O)CC(=O)OC)C)C(=C3C)C=C)C=C.[Mg+2]
13-methyl-3-hydroxy-tetra-decanoyl-ACP	
13-methyl-3-oxo-tetra-decanoyl-ACP	
13-methyl-tetra-decanoyl-ACP	
13-methyl-trans-tetra-dec-2-enoyl-ACP	
14-methyl-3-hydroxy-hexa-decanoyl-ACP	
14-methyl-3-oxo-hexa-decanoyl-ACP	
14-methyl-3-oxo-pentadecanoyl-ACP	
14-methyl-hexa-decanoyl-ACP	
14-methyl-pentadecanoyl-ACP	
14-methyl-trans-hexa-dec-2-enoyl-ACP	
14-methyl-trans-pentadec-2-enoyl-ACP	
15-methyl-3-hydroxy-hexa-decanoyl-ACP	
15-methyl-3-oxo-hexa-decanoyl-ACP	
15-methyl-hexa-decanoyl-ACP	
15-methyl-trans-hexa-dec-2-enoyl-ACP	
16-Methoxy-2,3-dihydro-3-hydroxytabersonine	CCC12CC(C3C4(C1N(CC4)CC=C2)C5=C(N3)C=C(C=C5)OC)(C(=O)OC)O
2'-(5''-triphosphoribosyl)-3'-dephospho-CoA	CC(C)(COP(=O)(O)OP(=O)(O)OCC1C(C(C(O1)N2C=NC3=C(N=CN=C32)N)O)O)C(C(=O)NCCC(=O)NCCS)O
2'-Hydroxydaidzein	C1=CC(=C(C=C1O)O)C2=COC3=C(C2=O)C=CC(=C3)O
2'-Hydroxydihydrodaidzein	C1C(C(=O)C2=C(O1)C=C(C=C2)O)C3=C(C=C(C=C3)O)O
2,2-Dichloroacetaldehyde	C(=O)C(Cl)Cl
2,2-Dichlorooxirane	C1C(O1)(Cl)Cl
2,3-Dihydro-2-S-glutathionyl-3-hydroxy bromobenzene	C1=CC(C(C(=C1)Br)SCC(C(=O)NCC(=O)O)NC(=O)CCC(C(=O)O)N)O
2,3-Dihydroxy-3-methylvalerate	CCC(C)(C(C(=O)O)O)O
2,3-Dihydroxy-isovalerate	CC(C)(C(C(=O)[O-])O)O
2,3-diketo5-methylthio-1-phosphopentane	
2,5-Diamino-6-(5'-phosphoribosylamino)-4-pyrimidineone	
2,5-Diamino-6-(5'-triphosphoryl-3',4'-trihydroxy-2'-oxopentyl)- amino-4-oxopyrimidine	
2,5-Diaminohexanoate	CC(CCC(C(=O)[O-])[NH3+])[NH3+]
2,5-Diaminopyrimidine nucleoside triphosphate	C(C1C(C(C(O1)NC2=C(C(=O)NC(=N2)N)N)O)O)OP(=O)(O)OP(=O)(O)OP(=O)(O)O
2,5-Dioxopentanoate	C(CC(=O)C(=O)[O-])C=O
2,6-Dioxo-6-phenylhexa-3-enoate	C1=CC=C(C=C1)C(=CC=CC(=O)C(=O)O)O
2,6-Dioxo-6-phenylhexanoate	C1=CC=C(C=C1)C(=O)CCCC(=O)C(=O)[O-]
2-(S-Glutathionyl)acetyl chloride	C(CC(=O)NC(CSCC(=O)Cl)C(=O)NCC(=O)O)C(C(=O)O)N
2-(S-Glutathionyl)acetyl glutathione	C(CC(=O)NC(CSCC(=O)SCC(C(=O)NCC(=O)O)NC(=O)CCC(C(=O)O)N)C(=O)NCC(=O)O)C(C(=O)O)N
2-Acetamido-5-oxopentanoate	CC(=O)NC(CCC=O)C(=O)[O-]
2-Aceto-2-hydroxybutanoate	CCC(C(=O)C)(C(=O)O)O
2-Acyl-sn-glycero-3-phosphoethanolamine (n-C18:0)	CCCCCCCCCCCCCCCCCC(=O)OC(CO)COP(=O)([O-])OCC[NH3+]
2-Amino-3-oxo-4-phosphonooxybutyrate	C(C(=O)C(C(=O)O)N)OP(=O)(O)O
2-Amino-4-hydroxy-6-hydroxymethyl-7-8-dihydropteridinediphosphate	
2-Aminoadipate 6-semialdehyde	C(CC=O)CC(C(=O)O)N
2-Bromoacetaldehyde	C(C=O)Br
2-C-methyl-D-erythritol2-4-cyclodiphosphate	
2-C-methyl-D-erythritol4-phosphate	
2-Dehydro-3-deoxy-D-galactonate 6-phosphate	C(C(C(COP(=O)(O)O)O)O)C(=O)C(=O)O
2-Dehydro-3-deoxy-L-pentonate	C(C(CO)O)C(=O)C(=O)[O-]
2-Dehydropantoate	CC(C)(CO)C(=O)C(=O)[O-]
2-Demethylmenaquinol 8	CC(=CCCC(=CCCC(=CCCC(=CCCC(=CCCC(=CCCC(=CCCC(=CCC1=C(C2=CC=CC=C2C(=C1)O)O)C)C)C)C)C)C)C)C
2-Demethylmenaquinone 8	CC(=CCCC(=CCCC(=CCCC(=CCCC(=CCCC(=CCCC(=CCCC(=CCC1=CC(=O)C2=CC=CC=C2C1=O)C)C)C)C)C)C)C)C
2-Deoxy-D-glucose	C(C=O)C(C(C(CO)O)O)O
2-Deoxy-D-glucose 6-phosphate	C1C(C(C(OC1O)COP(=O)(O)O)O)O
2-Hydroxy-3-keto-5-methylthiopentenyl-1-phosphate	CSCCC(=O)C(=COP(=O)(O)O)O
2-Hydroxy-3-oxoadipate	C(CC(=O)[O-])C(=O)C(C(=O)[O-])O
2-Hydroxybutyrate	CCC(C(=O)O)O
2-Hydroxyethyl-ThPP	CC1=C(SC(=[N+]1CC2=CN=C(N=C2N)C)C(C)O)CCOP(=O)(O)OP(=O)(O)O
2-Hydroxyhepta-2,4-dienedioate	C(C=CC=C(C(=O)O)O)C(=O)O
2-Hydroxyphenylacetate	C1=CC=C(C(=C1)CC(=O)[O-])O
2-Isopropylmalate	CC(C)C(CC(=O)O)(C(=O)O)O
2-Isopropylmaleate	CC(C)C(=CC(=O)O)C(=O)O
2-Lysolecithin	
2-Methylacetoacetyl-CoA	CC(C(=O)C)C(=O)SCCNC(=O)CCNC(=O)C(C(C)(C)COP(=O)(O)OP(=O)(O)OCC1C(C(C(O1)N2C=NC3=C(N=CN=C32)N)O)OP(=O)(O)O)O
2-Methylbutyryl-CoA	CCC(C)C(=O)SCCNC(=O)CCNC(=O)C(C(C)(C)COP(=O)(O)OP(=O)(O)OCC1C(C(C(O1)N2C=NC3=C(N=CN=C32)N)O)OP(=O)(O)O)O
2-Naphthaldehyde	C1=CC=C2C=C(C=CC2=C1)C=O
2-Naphthoic acid	C1=CC=C2C=C(C=CC2=C1)C(=O)O
2-Octaprenyl-3-methyl-5-hydroxy-6-methoxy-1,4-benzoquinone	
2-Octaprenyl-3-methyl-6-methoxy-1,4-benzoquinone	CC1=C(C(=O)C(=CC1=O)OC)CC=C(C)CCC=C(C)CCC=C(C)CCC=C(C)CCC=C(C)CCC=C(C)CCC=C(C)CCC=C(C)C
2-Octaprenyl-6-hydroxyphenol	CC(=CCCC(=CCCC(=CCCC(=CCCC(=CCCC(=CCCC(=CCCC(=CCC1=C(C(=CC=C1)O)O)C)C)C)C)C)C)C)C
2-Octaprenyl-6-methoxy-1,4-benzoquinone	CC(=CCCC(=CCCC(=CCCC(=CCCC(=CCCC(=CCCC(=CCCC(=CCC1=CC(=O)C=C(C1=O)OC)C)C)C)C)C)C)C)C
2-Octaprenyl-6-methoxyphenol	CC(=CCCC(=CCCC(=CCCC(=CCCC(=CCCC(=CCCC(=CCCC(=CCC1=C(C(=CC=C1)OC)O)C)C)C)C)C)C)C)C
2-Octaprenylphenol	CC(=CCCC(=CCCC(=CCCC(=CCCC(=CCCC(=CCCC(=CCCC(=CCC1=CC=CC=C1O)C)C)C)C)C)C)C)C
2-Oxo acid	
2-Oxo-3-hydroxy-4-phosphobutanoate	C(C(C(=O)C(=O)O)O)OP(=O)(O)O
2-Oxo-6-aminocaproate	C(CCN)CC(=O)C(=O)O
2-Oxobutyrate	CCC(=O)C(=O)O
2-Oxoglutarate	C(CC(=O)O)C(=O)C(=O)O
2-Oxohept-3-enedioate	C(CC(=O)[O-])C=CC(=O)C(=O)[O-]
2-Oxopropanal	CC(=O)C=O
2-Phenyl-1,3-propanediol monocarbamate	C1=CC=C(C=C1)C(CO)COC(=O)N
2-Phenylacetamide	C1=CC=C(C=C1)CC(=O)N
2-Phospho-D-glycerate	C(C(C(=O)O)OP(=O)(O)O)O
2-Phosphoglycolate	C(C(=O)[O-])OP(=O)([O-])[O-]
2-Succinyl-5-enolpyruvyl-6-hydroxy-3-cyclohexene-1-carboxylate	C=C(C(=O)O)OC1C=CC(C(C1O)C(=O)O)C(=O)CCC(=O)O
2-isopropyl-3-oxosuccinate	CC(C)C(C(=O)C(=O)O)C(=O)O
2-methylbutyryl-ACP	
2-phospho-4--cytidine5-diphospho-2-C-methyl-D-erythritol	
24-Methylenecycloartanol	CC(C)C(=C)CCC(C)C1CCC2(C1(CCC34C2CCC5C3(C4)CCC(C5(C)C)O)C)C
2dmmq7	
3,4-Dihydro-3-hydroxy-4-S-glutathionyl bromobenzene	C1=CC(=CC(C1SCC(C(=O)NCC(=O)O)NC(=O)CCC(C(=O)O)N)O)Br
3,4-Dihydroxymandelaldehyde	C1=CC(=C(C=C1C(C=O)O)O)O
3,4-Dihydroxyphenylethyleneglycol	C1=CC(=C(C=C1C(CO)O)O)O
3-4-dihydroxy-2-butanone4-phosphate	
3-Amino-2-oxopropyl phosphate	C(C(=O)COP(=O)(O)O)N
3-Aminopropanal	C(CN)C=O
3-Carbamoyl-2-phenylpropionaldehyde	C1=CC=C(C=C1)C(COC(=O)N)C=O
3-Chloroallyl aldehyde	
3-Dehydroshikimate	C1C(C(C(=O)C=C1C(=O)O)O)O
3-Hydroxyisobutyrate	CC(CO)C(=O)[O-]
3-Hydroxystearoyl-[acp]	
3-Isopropylmalate	CC(C)C(C(C(=O)O)O)C(=O)O
3-Lysolecithin	
3-Mercaptolactate	C(C(C(=O)O)O)S
3-Methyl-2-oxobutanoate	CC(C)C(=O)C(=O)O
3-Methylsalicylaldehyde	CC1=C(C(=CC=C1)C=O)O
3-Methylsalicylate	CC1=C(C(=CC=C1)C(=O)O)[O-]
3-Octaprenyl-4-hydroxybenzoate	CC(=CCCC(=CCCC(=CCCC(=CCCC(=CCCC(=CCCC(=CCCC(=CCC1=C(C=CC(=C1)C(=O)O)[O-])C)C)C)C)C)C)C)C
3-Oxo-2-methylpropanoate	CC(C=O)C(=O)[O-]
3-Oxoacyl-CoA	
3-Oxodecanoyl-CoA	CCCCCCCC(=O)CC(=O)SCCNC(=O)CCNC(=O)C(C(C)(C)COP(=O)(O)OP(=O)(O)OCC1C(C(C(O1)N2C=NC3=C(N=CN=C32)N)O)OP(=O)(O)O)O
3-Oxododecanoyl-CoA	CCCCCCCCCC(=O)CC(=O)SCCNC(=O)CCNC(=O)C(C(C)(C)COP(=O)(O)OP(=O)(O)OCC1C(C(C(O1)N2C=NC3=C(N=CN=C32)N)O)OP(=O)(O)O)O
3-Oxohexanoyl-CoA	CCCC(=O)CC(=O)SCCNC(=O)CCNC(=O)C(C(C)(C)COP(=O)(O)OP(=O)(O)OCC1C(C(C(O1)N2C=NC3=C(N=CN=C32)N)O)OP(=O)(O)O)O
3-Oxohexanoyl-[acp]	
3-Oxooctanoyl-CoA	CCCCCC(=O)CC(=O)SCCNC(=O)CCNC(=O)C(C(C)(C)COP(=O)(O)OP(=O)(O)OCC1C(C(C(O1)N2C=NC3=C(N=CN=C32)N)O)OP(=O)(O)O)O
3-Oxooctodecanoyl-ACP	
3-Oxopalmitoyl-CoA	CCCCCCCCCCCCCC(=O)CC(=O)SCCNC(=O)CCNC(=O)C(C(C)(C)COP(=O)(O)OP(=O)(O)OCC1C(C(C(O1)N2C=NC3=C(N=CN=C32)N)O)OP(=O)(O)O)O
3-Oxopropanoate	C(C=O)C(=O)[O-]
3-Oxostearoyl-[acp]	
3-Oxotetradecanoyl-CoA	CCCCCCCCCCCC(=O)CC(=O)SCCNC(=O)CCNC(=O)C(C(C)(C)COP(=O)(O)OP(=O)(O)OCC1C(C(C(O1)N2C=NC3=C(N=CN=C32)N)O)OP(=O)(O)O)O
3-Phospho-D-erythronate	C(C(C(C(=O)O)O)OP(=O)(O)O)O
3-Phosphoglycerate	C(C(C(=O)O)O)OP(=O)(O)O
3-Phosphonooxypyruvate	C(C(=O)C(=O)O)OP(=O)(O)O
3-Sulfolactate	C(C(C(=O)O)O)S(=O)(=O)O
3-oxodecanoyl-acp	
3-oxododecanoyl-acp	
3-oxohexadecanoyl-acp	
3-oxooctanoyl-acp	
3-oxotetradecanoyl-acp	
3-phosphoadenylylsulfate	
3-phosphoshikimate	C1C(C(C(C=C1C(=O)[O-])OP(=O)([O-])[O-])O)O
3MOP	
3alpha,7alpha-Dihydroxy-5beta-cholestan-26-al	CC(CCCC(C)C1CCC2C1(CCC3C2C(CC4C3(CCC(C4)O)C)O)C)C=O
4,5-Dihydro-4-hydroxy-5-S-glutathionyl-benzo[a]pyrene	C1=CC=C2C3=C4C(=CC2=C1)C(C(C5=CC=CC(=C54)C=C3)O)SCC(C(=O)NCC(=O)O)NC(=O)CCC(C(=O)O)N
4-(Phosphonooxy)-threonine	C(C(C(C(=O)O)N)O)OP(=O)(O)O
4--1-D-Ribitylamino-5-aminouracil	
4--cytidine5-diphospho-2-C-methyl-D-erythritol	
4-Amino-2-methyl-5-diphosphomethylpyrimidine	CC1=NC=C(C(=N1)N)COP(=O)(O)OP(=O)(O)O
4-Amino-5-phosphomethyl-2-methylpyrimidine	CC1=NC=C(C(=N1)N)COP(=O)(O)O
4-Aminobutanal	C(CC=O)CN
4-Coumaroyl-CoA	CC(C)(COP(=O)(O)OP(=O)(O)OCC1C(C(C(O1)N2C=NC3=C(N=CN=C32)N)O)OP(=O)(O)O)C(C(=O)NCCC(=O)NCCSC(=O)C=CC4=CC=C(C=C4)O)O
4-Glutathionyl cyclophosphamide	C1COP(=O)(NC1SCC(C(=O)NCC(=O)O)NC(=O)CCC(C(=O)O)N)N(CCCl)CCCl
4-Guanidinobutanamide	C(CC(=O)N)CN=C(N)N
4-Guanidinobutanoate	C(CC(=O)O)CN=C(N)N
4-Hydroxy-2-oxoglutarate	C(C(C(=O)[O-])O)C(=O)C(=O)[O-]
4-Hydroxy-5-phenyltetrahydro-1,3-oxazin-2-one	C1C(C(NC(=O)O1)O)C2=CC=CC=C2
4-Hydroxy-L-glutamate	C(C(C(=O)[O-])[NH3+])C(C(=O)[O-])O
4-Hydroxy-L-threonine	C(C(C(C(=O)O)N)O)O
4-Hydroxy-benzylalcohol	C1=CC(=CC=C1CO)O
4-Hydroxybenzoate	C1=CC(=CC=C1C(=O)O)O
4-Hydroxymethylsalicylaldehyde	C1=CC(=C(C=C1CO)O)C=O
4-Hydroxymethylsalicylate	C1=CC(=C(C=C1CO)O)C(=O)O
4-Imidazoleacetate	C1=C(NC=N1)CC(=O)O
4-Methyl-5--2-phosphoethyl-thiazole	
4-Nitrophenyl phosphate	C1=CC(=CC=C1[N+](=O)[O-])OP(=O)(O)O
4-Oxobutanoate	C(CC(=O)[O-])C=O
4-Phospho-L-aspartate	C(C(C(=O)O)N)C(=O)OP(=O)(O)O
4-Phosphoerythronate	C(C(C(C(=O)O)O)O)OP(=O)(O)O
4-methyl-3-hydroxy-hexanoyl-ACP	
4-methyl-3-oxo-hexanoyl-ACP	
4-methyl-3-oxo-pentanoyl-ACP	
4-methyl-hexanoyl-ACP	
4-methyl-pentanoyl-ACP	
4-methyl-trans-hex-2-enoyl-ACP	
4-methyl-trans-pent-2-enoyl-ACP	
4-methylthio 2-oxobutyrate	
4-phosphopantothenate	
4MOP	
4a-Hydroxytetrahydrobiopterin	CC(C(C1CN=C2C(N1)(C(=O)NC(=N2)N)O)O)O
5'-Deoxy-5-fluorocytidine	CC1C(C(C(O1)N2C=C(C(=NC2=O)N)F)O)O
5'-Deoxyadenosine	CC1C(C(C(O1)N2C=NC3=C(N=CN=C32)N)O)O
5'-Phosphoribosyl-4-carboxy-5-aminoimidazole	C1=NC(=C(N1C2C(C(C(O2)COP(=O)(O)O)O)O)N)C(=O)O
5'-Phosphoribosylformylglycinamidine	C(C1C(C(C(O1)N=C(CNC=O)N)O)O)OP(=O)(O)O
5-(2'-Carboxyethyl)-4,6-dihydroxypicolinate	C1=C(NC(=O)C(=C1O)CCC(=O)O)C(=O)O
5-(2'-Formylethyl)-4,6-dihydroxypicolinate	C1=C(NC(=O)C(=C1O)CCC=O)C(=O)O
5-10-Methenyltetrahydrofolate	
5-10-Methylenetetrahydrofolate	C1C2CN(CN2C3=C(N1)N=C(NC3=O)N)C4=CC=C(C=C4)C(=O)NC(CCC(=O)O)C(=O)O
5-Amino-6--5-phosphoribitylaminouracil	
5-Amino-6--5-phosphoribosylaminouracil	
5-Aminolevulinate	C(CC(=O)O)C(=O)CN
5-Carboxy-2-oxohept-3-enedioate	C(C(C=CC(=O)C(=O)O)C(=O)O)C(=O)O
5-Carboxymethyl-2-hydroxymuconate	C(C(=CC=C(C(=O)O)O)C(=O)O)C(=O)O
5-Carboxymethyl-2-hydroxymuconic semialdehyde	C(C(=CO)C=CC(=O)C(=O)O)C(=O)O
5-Dehydro-4-deoxy-D-glucarate	C(C(C(C(=O)O)O)O)C(=O)C(=O)O
5-Dehydroquinate	C1C(C(C(=O)CC1(C(=O)O)O)O)O
5-FU	C1=C(C(=O)NC(=O)N1)F
5-Fluorouridine monophosphate	C1=C(C(=O)NC(=O)N1C2C(C(C(O2)COP(=O)(O)O)O)O)F
5-Formiminotetrahydrofolate	C1C(N(C2=C(N1)N=C(NC2=O)N)C=N)CNC3=CC=C(C=C3)C(=O)NC(CCC(=O)O)C(=O)O
5-Formyltetrahydrofolate	C1C(N(C2=C(N1)N=C(NC2=O)N)C=O)CNC3=CC=C(C=C3)C(=O)NC(CCC(=O)O)C(=O)O
5-Hydroxy-2-oxo-4-ureido-2,5-dihydro-1H-imidazole-5-carboxylate	C1(=NC(=O)NC1(C(=O)O)O)NC(=O)N
5-Hydroxy-L-tryptophan	C1=CC2=C(C=C1O)C(=CN2)CC(C(=O)O)N
5-Hydroxyisourate	C12=NC(=O)NC1(C(=O)NC(=O)N2)O
5-Hydroxykynurenamine	C1=CC(=C(C=C1O)C(=O)CCN)N
5-Hydroxykynurenine	C1=CC(=C(C=C1O)C(=O)CC(C(=O)O)N)N
5-Methylcytosine	CC1=C(NC(=O)N=C1)N
5-Methyltetrahydrofolate	CN1C(CNC2=C1C(=O)NC(=N2)N)CNC3=CC=C(C=C3)C(=O)NC(CCC(=O)O)C(=O)O
5-Methylthioadenosine	CSCC1C(C(C(O1)N2C=NC3=C(N=CN=C32)N)O)O
5-O--1-Carboxyvinyl-3-phosphoshikimate	
5-Oxo-D-proline	C1CC(=O)NC1C(=O)O
5-Oxoproline	C1CC(=O)NC1C(=O)O
5-Phenyl-1,3-oxazinane-2,4-dione	C1C(C(=O)NC(=O)O1)C2=CC=CC=C2
5-Phosphoribosylamine	C(C1C(C(C(O1)N)O)O)OP(=O)(O)O
5-methyl-3-hydroxy-hexanoyl-ACP	
5-methyl-3-oxo-hexanoyl-ACP	
5-methyl-hexanoyl-ACP	
5-methyl-trans-hex-2-enoyl-ACP	
5-phosphomevalonate	CC(CCOP(=O)(O)O)(CC(=O)O)O
5beta-Cholestane-3alpha,7alpha,26-triol	CC(CCCC(C)C1CCC2C1(CCC3C2C(CC4C3(CCC(C4)O)C)O)C)CO
6-7-Dimethyl-8--1-D-ribityllumazine	
6-Lactoyl-5,6,7,8-tetrahydropterin	CC(C(=O)C1CNC2=C(N1)C(=O)NC(=N2)N)O
6-Phospho-D-gluconate	C(C(C(C(C(C(=O)O)O)O)O)O)OP(=O)(O)O
6-Pyruvoyltetrahydropterin	CC(=O)C(=O)C1CNC2=C(N1)C(=O)NC(=N2)N
6-hydroxymethyl dihydropterin	
6-methyl-3-hydroxy-octanoyl-ACP	
6-methyl-3-oxo-heptanoyl-ACP	
6-methyl-3-oxo-octanoyl-ACP	
6-methyl-heptanoyl-ACP	
6-methyl-octanoyl-ACP	
6-methyl-trans-hept-2-enoyl-ACP	
6-methyl-trans-oct-2-enoyl-ACP	
6-phospho-D-glucono-1-5-lactone	
7,8-Dihydro-7-hydroxy-8-S-glutathionyl-benzo[a]pyrene	C1=CC2=C3C(=C1)C=CC4=C3C(=CC5=C4C=CC(C5O)SCC(C(=O)NCC(=O)O)NC(=O)CCC(C(=O)O)N)C=C2
7,8-Dihydrobiopterin	CC(C(C1=NC2=C(NC1)N=C(NC2=O)N)O)O
7,8-Dihydroneopterin 3'-triphosphate	C1C(=NC2=C(N1)N=C(NC2=O)N)C(C(COP(=O)(O)OP(=O)(O)OP(=O)(O)O)O)O
7-8-Diaminononanoate	
7-methyl-3-hydroxy-octanoyl-ACP	
7-methyl-3-oxo-octanoyl-ACP	
7-methyl-octanoyl-ACP	
7-methyl-trans-oct-2-enoyl-ACP	
8-Amino-7-oxononanoate	CC(C(=O)CCCCCC(=O)[O-])N
8-methyl-3-hydroxy-decanoyl-ACP	
8-methyl-3-oxo-decanoyl-ACP	
8-methyl-3-oxo-nonanoyl-ACP	
8-methyl-decanoyl-ACP	
8-methyl-nonanoyl-ACP	
8-methyl-trans-dec-2-enoyl-ACP	
8-methyl-trans-non-2-enoyl-ACP	
9'-cis-Neoxanthin	CC(=CC=CC=C(C)C=CC=C(C)C=C=C1C(CC(CC1(C)O)O)(C)C)C=CC=C(C)C=CC23C(CC(CC2(O3)C)O)(C)C
9-cis-Violaxanthin	CC(=CC=CC=C(C)C=CC=C(C)C=CC12C(CC(CC1(O2)C)O)(C)C)C=CC=C(C)C=CC34C(CC(CC3(O4)C)O)(C)C
9-methyl-3-hydroxy-decanoyl-ACP	
9-methyl-3-oxo-decanoyl-ACP	
9-methyl-decanoyl-ACP	
9-methyl-trans-dec-2-enoyl-ACP	
A	
ABEE	C1=CC(=CC=C1C(=O)O)N
ACP	
ACTN	
ADC	
ADP	C1=NC(=C2C(=N1)N(C=N2)C3C(C(C(O3)COP(=O)(O)OP(=O)(O)O)O)O)N
ADP-D-glycero-D-manno-heptose	C1=NC(=C2C(=N1)N(C=N2)C3C(C(C(O3)COP(=O)(O)OP(=O)(O)OC4C(C(C(C(O4)C(CO)O)O)O)O)O)O)N
ADP-L-glycero-D-manno-heptose	C1=NC(=C2C(=N1)N(C=N2)C3C(C(C(O3)COP(=O)(O)OP(=O)(O)OC4C(C(C(C(O4)C(CO)O)O)O)O)O)O)N
ADP-aldose	
ADPglucose	C1=NC(=C2C(=N1)N(C=N2)C3C(C(C(O3)COP(=O)(O)OP(=O)(O)OC4C(C(C(C(O4)CO)O)O)O)O)O)N
ADPribose	C1=NC(=C2C(=N1)N(C=N2)C3C(C(C(O3)COP(=O)(O)OP(=O)(O)OCC(C(C(C=O)O)O)O)O)O)N
AH2	C1C(C(C(C(O1)CO)O)O)O
AICAR	C1=NC(=C(N1C2C(C(C(O2)COP(=O)(O)O)O)O)N)C(=O)N
AIR	
ALCTT	
AMP	C1=NC(=C2C(=N1)N(C=N2)C3C(C(C(O3)COP(=O)(O)O)O)O)N
APS	
ATP	C1=NC(=C2C(=N1)N(C=N2)C3C(C(C(O3)COP(=O)(O)OP(=O)(O)OP(=O)(O)O)O)O)N
Acetaldehyde	CC=O
Acetamide	CC(=O)N
Acetate	CC(=O)[O-]
Acetoacetate	CC(=O)CC(=O)[O-]
Acetoacetyl-ACP	
Acetoacetyl-CoA	CC(=O)CC(=O)SCCNC(=O)CCNC(=O)C(C(C)(C)COP(=O)(O)OP(=O)(O)OCC1C(C(C(O1)N2C=NC3=C(N=CN=C32)N)O)OP(=O)(O)O)O
Acetyl-ACP	
Acetyl-CoA	CC(=O)SCCNC(=O)CCNC(=O)C(C(C)(C)COP(=O)(O)OP(=O)(O)OCC1C(C(C(O1)N2C=NC3=C(N=CN=C32)N)O)OP(=O)(O)O)O
Acetylphosphate	CC(=O)OP(=O)(O)O
Acrylamide	C=CC(=O)N
Acrylate	C=CC(=O)[O-]
Acrylyl-CoA	CC(C)(COP(=O)(O)OP(=O)(O)OCC1C(C(C(O1)N2C=NC3=C(N=CN=C32)N)O)OP(=O)(O)O)C(C(=O)NCCC(=O)NCCSC(=O)C=C)O
Acyl-CoA	
Adenine	C1=NC2=NC=NC(=C2N1)N
Adenosine	C1=NC(=C2C(=N1)N(C=N2)C3C(C(C(O3)CO)O)O)N
Adenosine 3-5-bisphosphate	
Adenosyl cobinamide	CC1=C2C(C(C([N-]2)C3(C(C(C(=N3)C(=C4C(C(C(=N4)C=C5C(C(C1=N5)CCC(=O)N)(C)C)CCC(=O)N)(C)CC(=O)N)C)CCC(=O)N)(C)CC(=O)N)C)CC(=O)N)(C)CCC(=O)NCC(C)O.[CH2-]C1C(C(C(O1)N2C=NC3=C(N=CN=C32)N)O)O.[Co]
Adenosyl cobinamide phosphate	CC1=C2C(C(C([N-]2)C3(C(C(C(=N3)C(=C4C(C(C(=N4)C=C5C(C(C1=N5)CCC(=O)N)(C)C)CCC(=O)N)(C)CC(=O)N)C)CCC(=O)N)(C)CC(=O)N)C)CC(=O)N)(C)CCC(=O)NCC(C)OP(=O)(O)O.[CH2-]C1C(C(C(O1)N2C=NC3=C(N=CN=C32)N)O)O.[Co]
Adenosyl cobyrinate diamide	CC1=C2C(C(C([N-]2)C3(C(C(C(=N3)C(=C4C(C(C(=N4)C=C5C(C(C1=N5)CCC(=O)O)(C)C)CCC(=O)O)(C)CC(=O)N)C)CCC(=O)O)(C)CC(=O)N)C)CC(=O)O)(C)CCC(=O)O.[CH2-]C1C(C(C(O1)N2C=NC3=C(N=CN=C32)N)O)O.[Co+3]
Adenosylcobinamide-GDP	CC1=C2C(C(C([N-]2)C3(C(C(C(=N3)C(=C4C(C(C(=N4)C=C5C(C(C1=N5)CCC(=O)N)(C)C)CCC(=O)N)(C)CC(=O)N)C)CCC(=O)N)(C)CC(=O)N)C)CC(=O)N)(C)CCC(=O)NCC(C)OP(=O)(O)OP(=O)(O)OCC6C(C(C(O6)N7C=NC8=C7N=C(NC8=O)N)O)O.[CH2-]C1C(C(C(O1)N2C=NC3=C(N=CN=C32)N)O)O.[Co]
Adenosylcobyric acid	CC1=C2C(C(C([N-]2)C3(C(C(C(=N3)C(=C4C(C(C(=N4)C=C5C(C(C1=N5)CCC(=O)N)(C)C)CCC(=O)N)(C)CC(=O)N)C)CCC(=O)N)(C)CC(=O)N)C)CC(=O)N)(C)CCC(=O)O.[CH2-]C1C(C(C(O1)N2C=NC3=C(N=CN=C32)N)O)O.[Co]
Adenylosuccinate	C1=NC(=C2C(=N1)N(C=N2)C3C(C(C(O3)COP(=O)(O)OC(=O)CCC(=O)O)O)O)N
Agmatine	C(CCN=C(N)N)CN
Ala-Ala	CC(C(=O)NC(C)C(=O)O)N
Ala-Gln	CC(C(=O)NC(CCC(=O)N)C(=O)O)N
Ala-His	CC(C(=O)NC(CC1=CN=CN1)C(=O)O)N
Ala-Leu	CC(C)CC(C(=O)O)NC(=O)C(C)N
Alcophosphamide	C(CO)COP(=O)(N)N(CCCl)CCCl
Aldophosphamide	C(COP(=O)(N)N(CCCl)CCCl)C=O
Allantoin	C1(C(=O)NC(=O)N1)NC(=O)N
Allophanate	C(=O)(N)NC(=O)[O-]
Aminoacetaldehyde	C(C=O)N
Aminoethanol	C(CO)N
Amylotriose	C(C1C(C(C(C(O1)OC2C(OC(C(C2O)O)OC(C(CO)O)C(C(C=O)O)O)CO)O)O)O)O
Anteisoheptadecanoylcardiolipin (B. subtilis)	
Anthranilate	C1=CC=C(C(=C1)C(=O)[O-])N
Apo-[carboxylase]	
Apo-[propionyl-CoA-carboxylase (ATP-hydrolysing)]	
Aspulvinone E	C1=CC(=CC=C1C=C2C(=C(C(=O)O2)C3=CC=C(C=C3)O)O)O
Aspulvinone H	CC(=CCC1=C(C=CC(=C1)C=C2C(=C(C(=O)O2)C3=CC(=C(C=C3)O)CC=C(C)C)O)O)C
BIOT	
Bactoprenyl diphosphate	CC(=CCCC(=CCCC(=CCCC(=CCCC(=CCCC(=CCCC(=CCCC(=CCCC(=CCCC(=CCCC(=CCOP(=O)(O)OP(=O)(O)O)C)C)C)C)C)C)C)C)C)C)C
Benzamide	C1=CC=C(C=C1)C(=O)N
Benzo[a]pyrene-4,5-oxide	C1=CC=C2C3=C4C(=CC2=C1)C5C(O5)C6=CC=CC(=C64)C=C3
Benzo[a]pyrene-7,8-diol	C1=CC2=C3C(=C1)C=CC4=C3C(=CC5=C4C=CC(=C5O)O)C=C2
Benzoate	C1=CC=C(C=C1)C(=O)[O-]
Benzoylformate	C1=CC=C(C=C1)C(=O)C(=O)[O-]
Benzyl cyanide	C1=CC=C(C=C1)CC#N
Berberine	COC1=C(C2=C[N+]3=C(C=C2C=C1)C4=CC5=C(C=C4CC3)OCO5)OC
Betaine aldehyde	C[N+](C)(C)CC=O
Biomass	
Biotinyl-5-AMP	C1C2C(C(S1)CCCCC(=O)OP(=O)(O)OCC3C(C(C(O3)N4C=NC5=C(N=CN=C54)N)O)O)NC(=O)N2
Biuret	C(=O)(N)NC(=O)N
Bromobenzene-2,3-oxide	C1=CC2C(O2)C(=C1)Br
Bromobenzene-3,4-oxide	C1=CC(=CC2C1O2)Br
But-2-enoyl-[acyl-carrier protein]	CC=CC(=O)S
Butyryl-ACP	
Butyryl-CoA	CCCC(=O)SCCNC(=O)CCNC(=O)C(C(C)(C)COP(=O)(O)OP(=O)(O)OCC1C(C(C(O1)N2C=NC3=C(N=CN=C32)N)O)OP(=O)(O)O)O
CDP	C1=CN(C(=O)N=C1N)C2C(C(C(O2)COP(=O)(O)OP(=O)(O)O)O)O
CDP-1,2-dianteisoheptadecanoylglycerol	
CDP-1,2-dianteisopentadecanoylglycerol	
CDP-1,2-didodecanoylglycerol	CCCCCCCCCCCC(=O)OCC(COP(=O)(O)OP(=O)(O)OCC1C(C(C(O1)N2C=CC(=NC2=O)N)O)O)OC(=O)CCCCCCCCCCC
CDP-1,2-dihexadec-9-enoylglycerol	CCCCCCC=CCCCCCCCC(=O)OCC(COP(=O)(O)OP(=O)(O)OCC1C(C(C(O1)N2C=CC(=NC2=O)N)O)O)OC(=O)CCCCCCCC=CCCCCCC
CDP-1,2-dihexadecanoylglycerol	
CDP-1,2-diisoheptadecanoylglycerol	
CDP-1,2-diisohexadecanoylglycerol	
CDP-1,2-diisopentadecanoylglycerol	
CDP-1,2-diisotetradecanoylglycerol	
CDP-1,2-dioctadec-11-enoylglycerol	CCCCCCC=CCCCCCCCCCC(=O)OCC(COP(=O)(O)OP(=O)(O)OCC1C(C(C(O1)N2C=CC(=NC2=O)N)O)O)OC(=O)CCCCCCCCCC=CCCCCCC
CDP-1,2-dioctadecanoylglycerol	CCCCCCCCCCCCCCCCCC(=O)OCC(COP(=O)([O-])OP(=O)([O-])OCC1C(C(C(O1)N2C=CC(=NC2=O)N)O)O)OC(=O)CCCCCCCCCCCCCCCCC
CDP-1,2-ditetradec-7-enoylglycerol	CCCCCCC=CCCCCCC(=O)OCC(COP(=O)(O)OP(=O)(O)OCC1C(C(C(O1)N2C=CC(=NC2=O)N)O)O)OC(=O)CCCCCC=CCCCCCC
CDP-1,2-ditetradecanoylglycerol	CCCCCCCCCCCCCC(=O)OCC(COP(=O)(O)OP(=O)(O)OCC1C(C(C(O1)N2C=CC(=NC2=O)N)O)O)OC(=O)CCCCCCCCCCCCC
CDP-N-methylethanolamine	CNCCOP(=O)(O)OP(=O)(O)OCC1C(C(C(O1)N2C=CC(=NC2=O)N)O)O
CDPethanolamine	C1=CN(C(=O)N=C1N)C2C(C(C(O2)COP(=O)(O)OP(=O)(O)OCCN)O)O
CDPparatose	CC1C(CC(C(O1)OP(=O)(O)OP(=O)(O)OCC2C(C(C(O2)N3C=CC(=NC3=O)N)O)O)O)O
CDPtyvelose	
CMP	C1=CN(C(=O)N=C1N)C2C(C(C(O2)COP(=O)(O)O)O)O
CMP-KDO	C1C(C(C(OC1(C(=O)O)OP(=O)(O)OCC2C(C(C(O2)N3C=CC(=NC3=O)N)O)O)C(CO)O)O)O
CMP-N-acetylneuraminate	CC(=O)NC1C(CC(OC1C(C(CO)O)O)(C(=O)O)OP(=O)(O)OCC2C(C(C(O2)N3C=CC(=NC3=O)N)O)O)O
CMPciliatine	C1=CN(C(=O)N=C1N)C2C(C(C(O2)COP(=O)(O)OP(=O)(CCN)O)O)O
CO2	C(=O)=O
CTP	C1=CN(C(=O)N=C1N)C2C(C(C(O2)COP(=O)(O)OP(=O)(O)OP(=O)(O)O)O)O
Ca2+	[Ca+2]
Cadaverine	C(CCN)CCN
Caffeoyl-CoA	CC(C)(COP(=O)(O)OP(=O)(O)OCC1C(C(C(O1)N2C=NC3=C(N=CN=C32)N)O)OP(=O)(O)O)C(C(=O)NCCC(=O)NCCSC(=O)C=CC4=CC(=C(C=C4)O)O)O
Calomide	CC1=CC2=C(C=C1C)N(C=N2)C3C(C(C(O3)CO)OP(=O)([O-])OC(C)CNC(=O)CCC4(C(C5C6(C(C(C(=N6)C(=C7C(C(C(=N7)C=C8C(C(C(=N8)C(=C4[N-]5)C)CCC(=O)N)(C)C)CCC(=O)N)(C)CC(=O)N)C)CCC(=O)N)(C)CC(=O)N)C)CC(=O)N)C)O.[CH2-]C1C(C(C(O1)N2C=NC3=C(N=CN=C32)N)O)O.[Co+3]
Carbamate	C(=O)(N)[O-]
Carbamoylphosphate	C(=O)(N)OP(=O)(O)O
Carboxybiotin-carboxyl-carrier protein	
Cd2+	[Cd+2]
Chenodiol	CC(CCC(=O)O)C1CCC2C1(CCC3C2C(CC4C3(CCC(C4)O)C)O)C
Chloral hydrate	C(C(Cl)(Cl)Cl)(O)O
Chloramphenicol	C1=CC(=CC=C1C(C(CO)NC(=O)C(Cl)Cl)O)[N+](=O)[O-]
Chloramphenicol 3-acetate	CC(=O)OCC(C(C1=CC=C(C=C1)[N+](=O)[O-])O)NC(=O)C(Cl)Cl
Chloroacetyl chloride	C(C(=O)Cl)Cl
Chlorophyll a	CCC1=C(C2=NC1=CC3=C(C4=C([N-]3)C(=C5C(C(C(=N5)C=C6C(=C(C(=C2)[N-]6)C=C)C)C)CCC(=O)OCC=C(C)CCCC(C)CCCC(C)CCCC(C)C)C(C4=O)C(=O)OC)C)C.[Mg+2]
Chlorophyllide	CCC1=C(C2=NC1=CC3=C(C4=C([N-]3)C(=C5C(C(C(=N5)C=C6C(=C(C(=C2)[N-]6)C=C)C)C)CCC(=O)O)C(C4=O)C(=O)OC)C)C.[Mg+2]
Cholate	CC(CCC(=O)[O-])C1CCC2C1(C(CC3C2C(CC4C3(CCC(C4)O)C)O)O)C
Cholesterol	CC(C)CCCC(C)C1CCC2C1(CCC3C2CC=C4C3(CCC(C4)O)C)C
Choline	C[N+](C)(C)CCO
Choline sulfate	C[N+](C)(C)CCOS(=O)(=O)[O-]
Chorismate	C=C(C(=O)O)OC1C=C(C=CC1O)C(=O)O
Ciliatine	C(CP(=O)(O)O)N
Citrate	C(C(=O)[O-])C(CC(=O)[O-])(C(=O)[O-])O
Citronellate	CC(CCC=C(C)C)CC(=O)O
Citrulline	C(CC(C(=O)O)N)CNC(=O)N
Cl-	[Cl-]
Co2+	[Co+2]
CoA	CC(C)(COP(=O)(O)OP(=O)(O)OCC1C(C(C(O1)N2C=NC3=C(N=CN=C32)N)O)OP(=O)(O)O)C(C(=O)NCCC(=O)NCCS)O
Cob(I)yrinate diamide	CC1=C2C(C(C([N-]2)(C3C(C(C(=N3)C(=C4C(C(C(=N4)C=C5C(C(C1=N5)(C)CC(=O)N)CCC(=O)O)(C)C)CCC(=O)O)C)(C)CCC(=O)O)CC(=O)O)C)(C)CC(=O)N)CCC(=O)O.[Co]
Cobalt-precorrin 8	CC1C2=NC(CC3=C(C(C(=N3)C(=C4C(C(C([N-]4)(C5C(C(C1=N5)(C)CCC(=O)O)CC(=O)O)C)(C)CC(=O)O)CCC(=O)O)C)(C)CC(=O)O)CCC(=O)O)(C(=C2CCC(=O)O)C)C.[Co]
Cobinamide	CC1=C2C(C(C([N-]2)C3(C(C(C(=N3)C(=C4C(C(C(=N4)C=C5C(C(C1=N5)CCC(=O)N)(C)C)CCC(=O)N)(C)CC(=O)N)C)CCC(=O)N)(C)CC(=O)N)C)CC(=O)N)(C)CCC(=O)NCC(C)O.[Co+3]
Cobyrinate	CC1=C2C(C(C([N-]2)C3(C(C(C(=N3)C(=C4C(C(C(=N4)C=C5C(C(C1=N5)CCC(=O)O)(C)C)CCC(=O)O)(C)CC(=O)O)C)CCC(=O)O)(C)CC(=O)O)C)CC(=O)O)(C)CCC(=O)O.[Co+3]
Columbamine	COC1=C(C2=C[N+]3=C(C=C2C=C1)C4=CC(=C(C=C4CC3)OC)O)OC
CoproporphyrinogenI	
CoproporphyrinogenIII	
Creatinine	CN1CC(=O)N=C1N
Crotonyl-CoA	CC=CC(=O)SCCNC(=O)CCNC(=O)C(C(C)(C)COP(=O)(O)OP(=O)(O)OCC1C(C(C(O1)N2C=NC3=C(N=CN=C32)N)O)OP(=O)(O)O)O
Cu2+	[Cu+2]
Cyanate	C(=[N-])=O
Cyanidin 3-O-beta-D-glucoside 5-O-(6-coumaroyl-beta-D-glucoside)	C1=CC(=CC=C1C=CC(=O)OCC2C(C(C(C(O2)OC3=CC(=CC4=[O+]C(=C(C=C34)OC5C(C(C(C(O5)CO)O)O)O)C6=CC(=C(C=C6)O)O)O)O)O)O)O
Cyanidin 3-glucoside 5-caffeoylglucoside	C1=CC(=C(C=C1C=CC(=O)OCC2C(C(C(C(O2)OC3=CC(=CC4=[O+]C(=C(C=C34)OC5C(C(C(C(O5)CO)O)O)O)C6=CC(=C(C=C6)O)O)O)O)O)O)O)O
Cyanin	C1=CC(=C(C=C1C2=C(C=C3C(=CC(=CC3=[O+]2)O)OC4C(C(C(C(O4)CO)O)O)O)OC5C(C(C(C(O5)CO)O)O)O)O)O
Cyanuric acid	C1(=O)NC(=O)NC(=O)N1
Cycloartenol	CC(CCC=C(C)C)C1CCC2(C1(CCC34C2CCC5C3(C4)CCC(C5(C)C)O)C)C
Cyclohexanamine	C1CCC(CC1)N
Cyclohexanone	C1CCC(=O)CC1
Cyclopropylamine	C1CC1N
Cyromazine	C1CC1NC2=NC(=NC(=N2)N)N
Cys-Gly	C(C(C(=O)NCC(=O)O)N)S
Cystathionine	C(CSCC(C(=O)O)N)C(C(=O)O)N
Cytidine	C1=CN(C(=O)N=C1N)C2C(C(C(O2)CO)O)O
Cytochrome c2+	
Cytochrome c3+	
Cytosine	C1=C(NC(=O)N=C1)N
D-3-Hydroxydodecanoyl-[acp]	CCCCCCCCCC(CC(=O)S)O
D-3-Hydroxyhexanoyl-[acp]	CCCC(CC(=O)S)O
D-Alanine	CC(C(=O)O)N
D-Arabinose	C(C(C(C(C=O)O)O)O)O
D-Erythrose4-phosphate	
D-Fructose	C1C(C(C(C(O1)(CO)O)O)O)O
D-Fructose 2,6-bisphosphate	C(C1C(C(C(O1)(CO)OP(=O)(O)O)O)O)OP(=O)(O)O
D-Galactosyl-1,3-beta-D-galactosyl-1,4-beta-D-glucosyl-R	
D-Galactosyl-1,4-beta-D-glucosyl-R	
D-Glucosamine phosphate	C(C1C(C(C(C(O1)O)N)O)O)OP(=O)(O)O
D-Glucosamine1-phosphate	
D-Glucose	C(C1C(C(C(C(O1)O)O)O)O)O
D-Glutamate	C(CC(=O)O)C(C(=O)O)N
D-Glyceraldehyde	C(C(C=O)O)O
D-Glycero-D-manno-heptose1-7-bisphosphate	
D-Glycero-D-manno-heptose1-phosphate	
D-Glycero-D-manno-heptose7-phosphate	
D-Lactate	CC(C(=O)O)O
D-Lysine	C(CCN)CC(C(=O)O)N
D-Lyxulose	C(C(C(C(=O)CO)O)O)O
D-Mannose1-phosphate	C(C1C(C(C(C(O1)OP(=O)(O)O)O)O)O)O
D-Mucic acid	C(C(C(C(=O)O)O)O)(C(C(=O)O)O)O
D-Ribose	C1C(C(C(C(O1)O)O)O)O
D-Ribulose	C(C(C(C(=O)CO)O)O)O
D-Ribulose 1,5-bisphosphate	C(C(C(C(=O)COP(=O)(O)O)O)O)OP(=O)(O)O
D-Ribulose5-phosphate	
D-Tagatose 1,6-biphosphate	
D-Tagatose 6-phosphate	C(C1C(C(C(O1)(CO)O)O)O)OP(=O)(O)O
D-Xylulose5-phosphate	C(C(C(C(=O)CO)O)O)OP(=O)(O)O
D-erythro-3-Methylmalate	CC(C(C(=O)O)O)C(=O)O
D-erythro-imidazol-glycerol-phosphate	
D-fructose-1,6-bisphosphate	C(C1C(C(C(O1)(COP(=O)(O)O)O)O)O)OP(=O)(O)O
D-fructose-1-phosphate	C(C1C(C(C(O1)(COP(=O)(O)O)O)O)O)O
D-fructose-6-phosphate	C(C(C(C(C(=O)CO)O)O)O)OP(=O)(O)O
D-glucose-6-phosphate	C(C(C(C(C(C=O)O)O)O)O)OP(=O)(O)O
D-mannose-6-phosphate	C(C1C(C(C(C(O1)O)O)O)O)OP(=O)(O)O
D-methylmalonyl-CoA	CC(C(=O)O)C(=O)SCCNC(=O)CCNC(=O)C(C(C)(C)COP(=O)(O)OP(=O)(O)OCC1C(C(C(O1)N2C=NC3=C(N=CN=C32)N)O)OP(=O)(O)O)O
DAHP	
DCVG	C(CC(=O)NC(CSC(=CCl)Cl)C(=O)NCC(=O)O)C(C(=O)O)N
DHA	C1C(C(C(OC1(C(=O)O)O)C(=O)O)O)O
DMAPP	CC(=CCOP(=O)(O)OP(=O)(O)O)C
DNA replication	
DPG	
Deacetoxyvindoline	CCC12CC(C3C4(C1N(CC4)CC=C2)C5=C(N3C)C=C(C=C5)OC)(C(=O)OC)O
Deamido-NAD	C1=CC(=C[N+](=C1)C2C(C(C(O2)COP(=O)(O)OP(=O)(O)OCC3C(C(C(O3)N4C=NC5=C(N=CN=C54)N)O)O)O)O)C(=O)O
Decanoate	CCCCCCCCCC(=O)[O-]
Decanoyl-ACP	
Decanoyl-CoA	CCCCCCCCCC(=O)SCCNC(=O)CCNC(=O)C(C(C)(C)COP(=O)(O)OP(=O)(O)OCC1C(C(C(O1)N2C=NC3=C(N=CN=C32)N)O)OP(=O)(O)O)O
Dehydroepiandrosterone sulfate	CC12CCC3C(C1CCC2=O)CC=C4C3(CCC(C4)OS(=O)(=O)O)C
Delphin	C1=C(C=C(C(=C1O)O)O)C2=C(C=C3C(=CC(=CC3=[O+]2)O)OC4C(C(C(C(O4)CO)O)O)O)OC5C(C(C(C(O5)CO)O)O)O
Delphinidin 3-O-beta-D-glucoside 5-O-(6-coumaroyl-beta-D-glucoside)	C1=CC(=CC=C1C=CC(=O)OCC2C(C(C(C(O2)OC3=CC(=CC4=[O+]C(=C(C=C34)OC5C(C(C(C(O5)CO)O)O)O)C6=CC(=C(C(=C6)O)O)O)O)O)O)O)O
Delphinidin 3-glucoside 5-caffoyl-glucoside	C1=CC(=C(C=C1C=CC(=O)OCC2C(C(C(C(O2)OC3=CC(=CC4=[O+]C(=C(C=C34)OC5C(C(C(C(O5)CO)O)O)O)C6=CC(=C(C(=C6)O)O)O)O)O)O)O)O)O
Deoxyadenosine	C1C(C(OC1N2C=NC3=C(N=CN=C32)N)CO)O
Deoxycholate	CC(CCC(=O)[O-])C1CCC2C1(C(CC3C2CCC4C3(CCC(C4)O)C)O)C
Deoxycytidine	C1C(C(OC1N2C=CC(=NC2=O)N)CO)O
Deoxyguanosine	C1C(C(OC1N2C=NC3=C2N=C(NC3=O)N)CO)O
Deoxyinosine	C1C(C(OC1N2C=NC3=C2N=CNC3=O)CO)O
Deoxyuridine	C1C(C(OC1N2C=CC(=O)NC2=O)CO)O
Dephospho-CoA	CC(C)(COP(=O)(O)OP(=O)(O)OCC1C(C(C(O1)N2C=NC3=C(N=CN=C32)N)O)O)C(C(=O)NCCC(=O)NCCS)O
Descarbamoylnovobiocin	CC1=C(C=CC2=C1OC(=O)C(=C2O)NC(=O)C3=CC(=C(C=C3)O)CC=C(C)C)OC4C(C(C(C(O4)(C)C)OC)O)O
Dethiobiotin	CC1C(NC(=O)N1)CCCCCC(=O)O
Dianteisoheptadecanoylphosphatidylethanolamine	
Dianteisoheptadecanoylphosphatidylglycerol	
Dianteisoheptadecanoylphosphatidylglycerophosphate	
Dianteisoheptadecanoylphosphatidylserine	
Dianteisopentadecanoylphosphatidylglycerophosphate	
Dichloromethane	C(Cl)Cl
Dihydrobiopterin	CC(C(C1=NC2=C(NC1)N=C(NC2=O)N)O)O
Dihydrofolate	C1C(=NC2=C(N1)N=C(NC2=O)N)CNC3=CC=C(C=C3)C(=O)NC(CCC(=O)O)C(=O)O
Dihydrolipoamide	C(CCC(=O)N)CC(CCS)S
Dihydrolipolprotein	
Dihydroneopterin	C1C(=NC2=C(N1)N=C(NC2=O)N)C(C(CO)O)O
Dihydropteroate	C1C(=NC2=C(N1)N=C(NC2=O)N)CNC3=CC=C(C=C3)C(=O)O
Diisoheptadecanoylphosphatidylethanolamine	
Diisoheptadecanoylphosphatidylglycerol	
Diisoheptadecanoylphosphatidylglycerophosphate	
Diisoheptadecanoylphosphatidylserine	
Diisohexadecanoylphosphatidylglycerophosphate	
Diisopentadecanoylphosphatidylglycerophosphate	
Diisotetradecanoylphosphatidylglycerophosphate	
Dimethylbenzimidazole	CC1=CC2=C(C=C1C)N=CN2
Divinyl chlorophyllide a	CC1C(C2=C3C(C(=O)C4=C3[N-]C(=C4C)C=C5C(=C(C(=N5)C=C6C(=C(C(=CC1=N2)[N-]6)C)C=C)C)C=C)C(=O)OC)CCC(=O)O.[Mg+2]
Divinylprotochlorophyllide	
Dodecanoyl-ACP	
Dopamine	C1=CC(=C(C=C1CCN)O)O
Doxifluridine	CC1C(C(C(O1)N2C=C(C(=O)NC2=O)F)O)O
Ecgonine	CN1C2CCC1C(C(C2)O)C(=O)O
Ethanol	CCO
FAD	CC1=CC2=C(C=C1C)N(C3=NC(=O)NC(=O)C3=N2)CC(C(C(COP(=O)(O)OP(=O)(O)OCC4C(C(C(O4)N5C=NC6=C(N=CN=C65)N)O)O)O)O)O
FADH2	CC1=CC2=C(C=C1C)N(C3=C(N2)C(=O)NC(=O)N3)CC(C(C(COP(=O)(O)OP(=O)(O)OCC4C(C(C(O4)N5C=NC6=C(N=CN=C65)N)O)O)O)O)O
FAICAR	C1=NC(=C(N1C2C(C(C(O2)COP(=O)(O)O)O)O)NC=O)C(=O)N
FMN	CC1=CC2=C(C=C1C)N(C3=NC(=O)NC(=O)C3=N2)CC(C(C(COP(=O)(O)O)O)O)O
Farnesyldiphosphate	
Farnesylfarnesylgeraniol	CC(=CCCC(=CCCC(=CCCC(=CCCC(=CCCC(=CCCC(=CCCC(=CCOP(=O)(O)OP(=O)(O)O)C)C)C)C)C)C)C)C
Fe2+	[Fe+2]
Fecosterol	CC(C)C(=C)CCC(C)C1CCC2C1(CCC3=C2CCC4C3(CCC(C4)O)C)C
Ferricytochrome b5	
Ferrocytochrome b5	
Ferulaldehyde	COC1=C(C=CC(=C1)C=CC=O)O
Ferulate	COC1=C(C=CC(=C1)C=CC(=O)O)O
Flavaprenin	CC(=CCC1=C2C(=C(C=C1O)O)C(=O)CC(O2)C3=CC=C(C=C3)O)C
Folate	C1=CC(=CC=C1C(=O)NC(CCC(=O)O)C(=O)O)NCC2=CN=C3C(=N2)C(=O)NC(=N3)N
Formaldehyde	C=O
Formamide	C(=O)N
Formamidopyrimidine nucleoside triphosphate	C(C1C(C(C(O1)NC2=C(C(=O)NC(=N2)N)NC=O)O)O)OP(=O)(O)OP(=O)(O)OP(=O)(O)O
Formate	C(=O)[O-]
Fumarate	C(=CC(=O)[O-])C(=O)[O-]
GABA	C(CC(=O)O)CN
GAR	C(C1C(C(C(O1)NC(=O)CN)O)O)OP(=O)(O)O
GD1a	
GD1b	
GD2	
GD3	[Gd]
GDP	C1=NC2=C(N1C3C(C(C(O3)COP(=O)(O)OP(=O)(O)O)O)O)N=C(NC2=O)N
GDP-4-dehydro-D-rhamnose	CC1C(=O)C(C(C(O1)OP(=O)(O)OP(=O)(O)OCC2C(C(C(O2)N3C=NC4=C3N=C(NC4=O)N)O)O)O)O
GDP-L-fucose	CC1C(C(C(C(O1)OP(=O)(O)OP(=O)(O)OCC2C(C(C(O2)N3C=NC4=C3N=C(NC4=O)N)O)O)O)O)O
GDP-mannose	C1=NC2=C(N1C3C(C(C(O3)COP(=O)(O)OP(=O)(O)OC4C(C(C(C(O4)CO)O)O)O)O)O)N=C(NC2=O)N
GM1	
GM2	
GM3	
GMP	C1=NC2=C(N1C3C(C(C(O3)COP(=O)(O)O)O)O)N=C(NC2=O)N
GQ1	
GSH	C(CC(=O)NC(CS)C(=O)NCC(=O)O)C(C(=O)O)N
GT1a	CCCCCCCCCCCCCC=CC(C(COC1C(C(C(C(O1)CO)OC2C(C(C(C(O2)CO)OC3C(C(C(C(O3)CO)O)OC4C(C(C(C(O4)CO)O)OC5(CC(C(C(O5)C(C(CO)OC6(CC(C(C(O6)C(C(CO)O)O)NC(=O)C)O)C(=O)O)O)NC(=O)C)O)C(=O)O)O)NC(=O)C)OC7(CC(C(C(O7)C(C(CO)O)O)NC(=O)C)O)C(=O)O)O)O)O)NC=O)O
GT1b	CC(=O)NC1C(CC(OC1C(C(CO)O)O)(C(=O)[O-])OC2C(C(OC(C2O)OC3C(C(OC(C3O)CO)OC4C(OC(C(C4OC5(CC(C(C(O5)C(C(CO)OC6(CC(C(C(O6)C(C(CO)O)O)NC(=O)C)O)C(=O)[O-])O)NC(=O)CO)O)C(=O)[O-])O)OC7C(OC(C(C7O)O)OCC(CO)NC=O)CO)CO)NC(=O)C)CO)O)O
GTP	C1=NC2=C(N1C3C(C(C(O3)COP(=O)(O)OP(=O)(O)OP(=O)(O)O)O)O)N=C(NC2=O)N
Geranial	CC(=CCCC(=CC=O)C)C
Geranic acid	CC(=CCCC(=CC(=O)O)C)C
Geranyldiphosphate	
Glucose-1-phosphate	C(C1C(C(C(C(O1)OP(=O)(O)O)O)O)O)O
Glutathione episulfonium ion	C1C[S+]1CC(C(=O)NCC(=O)O)NC(=O)CCC(C(=O)O)N
Gly-Cys	C(C(C(=O)O)NC(=O)CN)S
Gly-Gln	C(CC(=O)N)C(C(=O)O)NC(=O)CN
Gly-Leu	CC(C)CC(C(=O)O)NC(=O)CN
Gly-Met	CSCCC(C(=O)O)NC(=O)CN
Gly-Phe	C1=CC=C(C=C1)CC(C(=O)O)NC(=O)CN
Gly-Tyr	C1=CC(=CC=C1CC(C(=O)O)NC(=O)CN)O
Glyceraldehyde3-phosphate	
Glycerate	C(C(C(=O)[O-])O)O
Glycerol	C(C(CO)O)O
Glycerol-3-phosphate	C(C(COP(=O)(O)O)O)O
Glycerone	C(C(=O)CO)O
Glycerone-phosphate	C(C(=O)COP(=O)(O)O)O
Glycerophosphocholine	C[N+](C)(C)CCOP(=O)([O-])OCC(CO)O
Glycerophosphoethanolamine	C(COP(=O)(O)OCC(CO)O)N
Glycerophosphoglycerol	C(C(COP(=O)(O)OCC(CO)O)O)O
Glycine	C(C(=O)O)N
Glycochenodeoxycholate	CC(CCC(=O)NCC(=O)O)C1CCC2C1(CCC3C2C(CC4C3(CCC(C4)O)C)O)C
Glycocholate	CC(CCC(=O)NCC(=O)O)C1CCC2C1(C(CC3C2C(CC4C3(CCC(C4)O)C)O)O)C
Glycocyamine	C(C(=O)O)N=C(N)N
Glycodeoxycholate	CC(CCC(=O)NCC(=O)O)C1CCC2C1(C(CC3C2CCC4C3(CCC(C4)O)C)O)C
Glycogen	C(C1C(C(C(C(O1)OCC2C(C(C(C(O2)OC3C(OC(C(C3O)O)O)CO)O)O)OC4C(C(C(C(O4)CO)O)O)O)O)O)O)O
Glycolaldehyde	C(C=O)O
Glycolate	C(C(=O)O)O
Glyoxalate	C(=O)C(=O)O
Guanidinoethyl methyl phosphate	COP(=O)(O)OCCN=C(N)N
Guanine	C1=NC2=C(N1)C(=O)NC(=N2)N
Guanosine	C1=NC2=C(N1C3C(C(C(O3)CO)O)O)N=C(NC2=O)N
Guanosine 3',5'-bis(diphosphate)	C1=NC2=C(N1C3C(C(C(O3)COP(=O)(O)OP(=O)(O)O)OP(=O)(O)OP(=O)(O)O)O)N=C(NC2=O)N
Guanosine 5'-triphosphate,3'-diphosphate	C1=NC2=C(N1C3C(C(C(O3)COP(=O)(O)OP(=O)(O)OP(=O)(O)O)OP(=O)(O)OP(=O)(O)O)O)N=C(NC2=O)N
H+	[H+]
H2CO3	C(=O)(O)O
H2O	O
H2O2	OO
H2S	S
H2S2O3	OS(=O)(=S)O
HBr	Br
HCN	C#N
HMA	C1CCCN(CC1)C2=NC(=C(N=C2Cl)C(=O)N=C(N)N)N
Heme	CC1=C(C2=CC3=C(C(=C([N-]3)C=C4C(=C(C(=N4)C=C5C(=C(C(=N5)C=C1[N-]2)C)C=C)C)C=C)C)CCC(=O)O)CCC(=O)O.[Fe+2]
Hexadecenoyl-CoA	
Hexanoate	CCCCCC(=O)[O-]
Hexanoyl-ACP	
Hexanoyl-CoA	CCCCCC(=O)SCCNC(=O)CCNC(=O)C(C(C)(C)COP(=O)(O)OP(=O)(O)OCC1C(C(C(O1)N2C=NC3=C(N=CN=C32)N)O)OP(=O)(O)O)O
Hg2+	[Hg+2]
Histamine	C1=C(NC=N1)CCN
Holo-[carboxylase]	
Holo-[propionyl-CoA-carboxylase (ATP-hydrolysing)]	
Homocysteine	C(CS)C(C(=O)O)N
Homogentisate	C1=CC(=C(C=C1O)CC(=O)O)O
Hydrogenobyrinate	CC1=C2C(C(C(=N2)C=C3C(C(C(=C(C4=NC(C5C(C(C1=N5)(C)CCC(=O)O)CC(=O)O)(C(C4CCC(=O)O)(C)CC(=O)O)C)C)N3)(C)CC(=O)O)CCC(=O)O)(C)C)CCC(=O)O
Hydroxylamine	NO
Hydroxymethylbilane	C1=C(C(=C(N1)CC2=C(C(=C(N2)CC3=C(C(=C(N3)CC4=C(C(=C(N4)CO)CC(=O)O)CCC(=O)O)CC(=O)O)CCC(=O)O)CC(=O)O)CCC(=O)O)CC(=O)O)CCC(=O)O
IDP	C1=NC2=C(C(=O)N1)N=CN2C3C(C(C(O3)COP(=O)(O)OP(=O)(O)O)O)O
IMP	C1=NC2=C(C(=O)N1)N=CN2C3C(C(C(O3)COP(=O)(O)O)O)O
ITP	C1=NC2=C(C(=O)N1)N=CN2C3C(C(C(O3)COP(=O)(O)OP(=O)(O)OP(=O)(O)O)O)O
Imidazole acetaldehyde	C1=C(NC=N1)CC=O
Iminoaspartate	C(C(=N)C(=O)O)C(=O)O
Iminoglycine	C(=N)C(=O)O
Indole-3-acetamide	C1=CC=C2C(=C1)C(=CN2)CC(=O)N
Indoleacetate	C1=CC=C2C(=C1)C(=CN2)CC(=O)O
Indoleglycerol phosphate	C1=CC=C2C(=C1)C(=CN2)C(C(COP(=O)(O)O)O)O
Inosine	C1=NC2=C(C(=O)N1)N=CN2C3C(C(C(O3)CO)O)O
Inositol 1-phosphate	C1(C(C(C(C(C1O)O)OP(=O)(O)O)O)O)O
Inositol 3,4-bisphosphate	C1(C(C(C(C(C1O)OP(=O)(O)O)OP(=O)(O)O)O)O)O
Inositol 3-phosphate	C1(C(C(C(C(C1O)O)OP(=O)(O)O)O)O)O
Inositol 4-phosphate	C1(C(C(C(C(C1O)O)OP(=O)(O)O)O)O)O
Isethionate	C(CS(=O)(=O)[O-])O
Isobutyryl-CoA	CC(C)C(=O)SCCNC(=O)CCNC(=O)C(C(C)(C)COP(=O)(O)OP(=O)(O)OCC1C(C(C(O1)N2C=NC3=C(N=CN=C32)N)O)OP(=O)(O)O)O
Isochorismate	C=C(C(=O)[O-])OC1C=CC=C(C1O)C(=O)[O-]
Isocitrate	C(C(C(C(=O)O)O)C(=O)O)C(=O)O
Isocorypalmine	COC1=C(C2=C(CC3C4=CC(=C(C=C4CCN3C2)OC)O)C=C1)OC
Isoheptadecanoylcardiolipin (B. subtilis)	
Isopentenyl-ADP	CC(=CCNC1=C2C(=NC=N1)N(C=N2)C3C(C(C(O3)COP(=O)(O)OP(=O)(O)O)O)O)C
Isopentenyl-ATP	CC(=CCNC1=C2C(=NC=N1)N(C=N2)C3C(C(C(O3)COP(=O)(O)OP(=O)(O)OP(=O)(O)O)O)O)C
Isopentenyldiphosphate	
Isovaleryl-CoA	CC(C)CC(=O)SCCNC(=O)CCNC(=O)C(C(C)(C)COP(=O)(O)OP(=O)(O)OCC1C(C(C(O1)N2C=NC3=C(N=CN=C32)N)O)OP(=O)(O)O)O
K+	[K+]
KDO	C1C(C(C(OC1(C(=O)O)O)C(CO)O)O)O
KDO-lipid IV(A)	CCCCCCCCCCCC(CC(=O)NC1C(C(C(OC1OP(=O)(O)O)COC2C(C(C(C(O2)COC3(CC(C(C(O3)C(CO)O)O)O)C(=O)O)OP(=O)(O)O)OC(=O)CC(CCCCCCCCCCC)O)NC(=O)CC(CCCCCCCCCCC)O)O)OC(=O)CC(CCCCCCCCCCC)O)O
Ketone	
L-2-Amino-6-oxopimelate	C(CC(C(=O)O)N)CC(=O)C(=O)O
L-3-Cyanoalanine	C(C#N)C(C(=O)O)N
L-Alanine	CC(C(=O)O)N
L-Arabinose	C1C(C(C(C(O1)O)O)O)O
L-Arginine	C(CC(C(=O)O)N)CN=C(N)N
L-Argininosuccinate	C(CC(C(=O)O)N)CN=C(N)NC(CC(=O)O)C(=O)O
L-Asparagine	C(C(C(=O)O)N)C(=O)N
L-Aspartate	C(C(C(=O)O)N)C(=O)O
L-Aspartate4-semialdehyde	
L-Cysteate	C(C(C(=O)[O-])N)S(=O)(=O)O
L-Cysteine	C(C(C(=O)O)N)S
L-Dopa	C1=CC(=C(C=C1CC(C(=O)O)N)O)O
L-Glutamate	C(CC(=O)O)C(C(=O)O)N
L-Glutamate1-semialdehyde	
L-Glutamate5-semialdehyde	
L-Glutamine	C(CC(=O)N)C(C(=O)O)N
L-Glutamyl 1-phosphate	C(CC(=O)O)C(C(=O)OP(=O)(O)O)N
L-Glutamyl 5-phosphate	C(CC(=O)OP(=O)(O)O)C(C(=O)O)N
L-Glutamyl-tRNA-Glu	
L-Histidinal	C1=C(NC=N1)CC(C=O)N
L-Histidine	C1=C(NC=N1)CC(C(=O)O)N
L-Histidinol	C1=C(NC=N1)CC(CO)N
L-Homoserine	C(CO)C(C(=O)O)N
L-Inositol	C1(C(C(C(C(C1O)O)O)O)O)O
L-Isoleucine	CCC(C)C(C(=O)O)N
L-Lactaldehyde	CC(C=O)O
L-Lactate	CC(C(=O)[O-])O
L-Leucine	CC(C)CC(C(=O)O)N
L-Lysine	C(CCN)CC(C(=O)O)N
L-Lyxitol	C(C(C(C(CO)O)O)O)O
L-Malate	C(C(C(=O)[O-])O)C(=O)[O-]
L-Methionine	CSCCC(C(=O)O)N
L-N2-(2-Carboxyethyl)arginine	C(CC(C(=O)O)NCCC(=O)O)CN=C(N)N
L-Phenylalanine	C1=CC=C(C=C1)CC(C(=O)O)N
L-Proline	C1CC(NC1)C(=O)O
L-Rhamnulose 1-phosphate	CC(C(C(C(=O)COP(=O)(O)O)O)O)O
L-Ribulose	C(C(C(C(=O)CO)O)O)O
L-Serine	C(C(C(=O)O)N)O
L-Threonine	CC(C(C(=O)O)N)O
L-Threonine phosphate	CC(C(C(=O)O)N)OP(=O)(O)O
L-Tryptophan	C1=CC=C2C(=C1)C(=CN2)CC(C(=O)O)N
L-Tyrosine	C1=CC(=CC=C1CC(C(=O)O)N)O
L-Valine	CC(C)C(C(=O)O)N
L-Xylulose 1-phosphate	C(C(C(C(=O)COP(=O)(O)O)O)O)O
L-Xylulose 5-phosphate	C(C(C(C(=O)CO)O)O)OP(=O)(O)O
L-alanylglycine	CC(C(=O)NCC(=O)O)N
L-beta-Leucine	CC(C)C(CC(=O)O)N
L-histidinol-phosphate	C1=C(NC=N1)CC(COP(=O)(O)O)N
L-ribulose-5-phosphate	
LL-2,6-Diaminopimelate	C(CC(C(=O)O)N)CC(C(=O)O)N
Lauroyl-CoA	CCCCCCCCCCCC(=O)SCCNC(=O)CCNC(=O)C(C(C)(C)COP(=O)(O)OP(=O)(O)OCC1C(C(C(O1)N2C=NC3=C(N=CN=C32)N)O)OP(=O)(O)O)O
Lauroyl-KDO2-lipid IV(A)	CCCCCCCCCCCC(CC(=O)NC1C(C(C(OC1OP(=O)(O)O)COC2C(C(C(C(O2)COC3(CC(C(C(O3)C(CO)O)O)OC4(CC(C(C(O4)C(CO)O)O)O)C(=O)O)C(=O)O)OP(=O)(O)O)OC(=O)CC(CCCCCCCCCCC)O)NC(=O)CC(CCCCCCCCCCC)OC(=O)CCCCCCCCCCC)O)OC(=O)CC(CCCCCCCCCCC)O)O
Lecithin	CCCCCCCCCCCCCCCC(=O)OCC(COP(=O)([O-])OCC[N+](C)(C)C)OC(=O)CCCCCCCC=CCC=CCCCCC
Linoleoyl-CoA	CCCCCC=CCC=CCCCCCCCC(=O)SCCNC(=O)CCNC(=O)C(C(C)(C)COP(=O)(O)OP(=O)(O)OCC1C(C(C(O1)N2C=NC3=C(N=CN=C32)N)O)OP(=O)(O)O)O
Lipid A disaccharide	CCCCCCCCCCCC(CC(=O)NC1C(C(C(OC1OCC2C(C(C(C(O2)OP(=O)(O)O)NC(=O)CC(CCCCCCCCCCC)O)OC(=O)CC(CCCCCCCCCCC)O)O)CO)O)OC(=O)CC(CCCCCCCCCCC)O)O
Lipid IV(A)	CCCCCCCCCCCC(CC(=O)NC1C(C(C(OC1OP(=O)(O)O)COC2C(C(C(C(O2)CO)OP(=O)(O)O)OC(=O)CC(CCCCCCCCCCC)O)NC(=O)CC(CCCCCCCCCCC)O)O)OC(=O)CC(CCCCCCCCCCC)O)O
Lipid X	CCCCCCCCCCCC(CC(=O)NC1C(C(C(OC1OP(=O)(O)O)CO)O)OC(=O)CC(CCCCCCCCCCC)O)O
Lipoamide	C1CSSC1CCCCC(=O)N
Lipoate	C1CSSC1CCCCC(=O)[O-]
Lipoyl-AMP	C1CSSC1CCCCC(=O)OP(=O)(O)OCC2C(C(C(O2)N3C=NC4=C(N=CN=C43)N)O)O
Lipoylprotein	C1CSSC1CCCCC(=O)N
Lysopine	CC(C(=O)O)NC(CCCCN)C(=O)O
MOPS	C1COCCN1CCCS(=O)(=O)O
Malonyl-CoA	CC(C)(COP(=O)(O)OP(=O)(O)OCC1C(C(C(O1)N2C=NC3=C(N=CN=C32)N)O)OP(=O)(O)O)C(C(=O)NCCC(=O)NCCSC(=O)CC(=O)O)O
Malonyl-acyl-carrierprotein-	
Maltoheptaose	C(C1C(C(C(C(O1)OC2C(OC(C(C2O)O)OC3C(OC(C(C3O)O)OC4C(OC(C(C4O)O)OC5C(OC(C(C5O)O)OC6C(OC(C(C6O)O)OC(C(CO)O)C(C(C=O)O)O)CO)CO)CO)CO)CO)O)O)O)O
Maltohexaose	C(C1C(C(C(C(O1)OC2C(OC(C(C2O)O)OC3C(OC(C(C3O)O)OC4C(OC(C(C4O)O)OC5C(OC(C(C5O)O)OC(C(CO)O)C(C(C=O)O)O)CO)CO)CO)CO)O)O)O)O
Maltopentaose	C(C1C(C(C(C(O1)OC2C(OC(C(C2O)O)OC3C(OC(C(C3O)O)OC4C(OC(C(C4O)O)OC(C(CO)O)C(C(C=O)O)O)CO)CO)CO)O)O)O)O
Maltose	C(C1C(C(C(C(O1)OC2C(OC(C(C2O)O)O)CO)O)O)O)O
Maltotetraose	C(C1C(C(C(C(O1)OC2C(OC(C(C2O)O)OC3C(OC(C(C3O)O)OC(C(CO)O)C(C(C=O)O)O)CO)CO)O)O)O)O
Menaquinol 8	CC1=C(C2=CC=CC=C2C(=C1CC=C(C)CCC=C(C)CCC=C(C)CCC=C(C)CCC=C(C)CCC=C(C)CCC=C(C)CCC=C(C)C)O)O
Menaquinone 7	CC1=C(C(=O)C2=CC=CC=C2C1=O)CC=C(C)CCC=C(C)CCC=C(C)CCC=C(C)CCC=C(C)CCC=C(C)CCC=C(C)C
Menaquinone 8	CC1=C(C(=O)C2=CC=CC=C2C1=O)CC=C(C)CCC=C(C)CCC=C(C)CCC=C(C)CCC=C(C)CCC=C(C)CCC=C(C)CCC=C(C)C
Mercaptopyruvate	C(C(=O)C(=O)O)S
Methacrylyl-CoA	CC(=C)C(=O)SCCNC(=O)CCNC(=O)C(C(C)(C)COP(=O)(O)OP(=O)(O)OCC1C(C(C(O1)N2C=NC3=C(N=CN=C32)N)O)OP(=O)(O)O)O
Methanamine	CN
Mevalonic acid	CC(CCO)(CC(=O)O)O
Mg	[Mg]
Mg-Protoporphyrin IX 13-monomethyl ester	CC1=C(C2=CC3=NC(=CC4=C(C(=C([N-]4)C=C5C(=C(C(=N5)C=C1[N-]2)C=C)C)C=C)C)C(=C3CCC(=O)O)C)CCC(=O)OC.[Mg+2]
Mg-protoporphyrin IX	CC1=C(C2=CC3=NC(=CC4=C(C(=C([N-]4)C=C5C(=C(C(=N5)C=C1[N-]2)C=C)C)C=C)C)C(=C3CCC(=O)[O-])C)CCC(=O)[O-].[Mg+2]
Mn2+	[Mn+2]
MurAc(oyl-L-Ala-D-gamma-Glu-L-Lys-D-Ala-D-Ala)-diphospho- undecaprenol	
Mycothiol	CC(=O)NC(CS)C(=O)NC1C(C(C(OC1OC2C(C(C(C(C2O)O)O)O)O)CO)O)O
Myristic acid	CCCCCCCCCCCCCC(=O)O
Myristoyl-ACP	
Myristoyl-CoA	CCCCCCCCCCCCCC(=O)SCCNC(=O)CCNC(=O)C(C(C)(C)COP(=O)(O)OP(=O)(O)OCC1C(C(C(O1)N2C=NC3=C(N=CN=C32)N)O)OP(=O)(O)O)O
N'-Phosphoguanidinoethyl methyl phosphate	COP(=O)(O)OCCN=C(N)NP(=O)(O)O
N-5-phosphoribosyl-anthranilate	
N-Acetyl-D-glucosamine 6-phosphate	CC(=O)NC1C(C(C(OC1O)COP(=O)(O)O)O)O
N-Acetyl-D-glucosamine1-phosphate	CC(=O)NC1C(C(C(OC1OP(=O)(O)O)CO)O)O
N-Acetyl-D-mannosamine	CC(=O)NC1C(C(C(OC1O)CO)O)O
N-Acetyl-L-citrulline	CC(=O)NC(CCCNC(=O)N)C(=O)O
N-Acetyl-L-glutamate	CC(=O)NC(CCC(=O)O)C(=O)O
N-Acetyl-beta-alanine	CC(=O)NCCC(=O)O
N-Acetylmannosamine 6-phosphate	CC(=O)NC1C(C(C(OC1O)COP(=O)(O)O)O)O
N-Acetylornithine	CC(=O)NC(CCCN)C(=O)O
N-Carbamoyl-L-aspartate	C(C(C(=O)O)NC(=O)N)C(=O)O
N-Cyclopropylammelide	C1CC1NC2=NC(=O)NC(=O)N2
N-Cyclopropylammeline	C1CC1NC2=NC(=O)NC(=N2)N
N-Formimino-L-glutamate	C(CC(=O)O)C(C(=O)O)N=CN
N-Formyl-GAR	C(C1C(C(C(O1)NC(=O)CNC=O)O)O)OP(=O)(O)O
N-Formyl-L-glutamate	C(CC(=O)O)C(C(=O)O)NC=O
N-Methylethanolamine phosphate	CNCCOP(=O)(O)O
N-Methylhexanamide	CCCCCC(=O)NC
N-Methylhydantoin	CN1CC(=O)NC1=O
N-Ribosylnicotinamide	C1=CC(=C[N+](=C1)C2C(C(C(O2)CO)O)O)C(=O)N
N2-Acetyl-L-aminoadipate semialdehyde	CC(=O)NC(CCCC=O)C(=O)O
N2-Acetyl-L-aminoadipyl-delta-phosphate	CC(=O)NC(CCCC(=O)OP(=O)(O)O)C(=O)O
NAD	C1=CC(=C[N+](=C1)C2C(C(C(O2)COP(=O)([O-])OP(=O)(O)OCC3C(C(C(O3)N4C=NC5=C(N=CN=C54)N)O)O)O)O)C(=O)N
NADH	C1C=CN(C=C1C(=O)N)C2C(C(C(O2)COP(=O)(O)OP(=O)(O)OCC3C(C(C(O3)N4C=NC5=C(N=CN=C54)N)O)O)O)O
NADP	C1=CC(=C[N+](=C1)C2C(C(C(O2)COP(=O)([O-])OP(=O)(O)OCC3C(C(C(O3)N4C=NC5=C(N=CN=C54)N)OP(=O)(O)O)O)O)O)C(=O)N
NADPH	C1C=CN(C=C1C(=O)N)C2C(C(C(O2)COP(=O)(O)OP(=O)(O)OCC3C(C(C(O3)N4C=NC5=C(N=CN=C54)N)OP(=O)(O)O)O)O)O
NDP	C1=CC=C2C(=CC=C(C2=C1)CCC(=O)[O-])CCC(=O)[O-].[Na+].[Na+]
NH3	N
Na+	[Na+]
Naringenin	C1C(OC2=CC(=CC(=C2C1=O)O)O)C3=CC=C(C=C3)O
Neoxanthin	CC(=CC=CC=C(C)C=CC=C(C)C=C=C1C(CC(CC1(C)O)O)(C)C)C=CC=C(C)C=CC23C(CC(CC2(O3)C)O)(C)C
Niacin	C1=CC(=CN=C1)C(=O)O
Nicotianamine	C1CN(C1C(=O)O)CCC(C(=O)O)NCCC(C(=O)O)N
Nicotinamide ribonucleotide	C1=CC(=C[N+](=C1)C2C(C(C(O2)COP(=O)(O)[O-])O)O)C(=O)N
Nicotinate D-ribonucleoside	
Nicotinate ribonucleotide	C1=CC(=C[N+](=C1)C2C(C(C(O2)COP(=O)(O)O)O)O)C(=O)O
Nitrite	N(=O)[O-]
Nonaprenyl-4-hydroxybenzoate	CC(=CCCC(=CCCC(=CCCC(=CCCC(=CCCC(=CCCC(=CCCC(=CCCC(=CCOC(=O)C1=CC=C(C=C1)O)C)C)C)C)C)C)C)C)C
Novobiocin	CC1=C(C=CC2=C1OC(=O)C(=C2O)NC(=O)C3=CC(=C(C=C3)O)CC=C(C)C)OC4C(C(C(C(O4)(C)C)OC)OC(=O)N)O
Nucleoside phosphate	
O-Acetyl-L-homoserine	CC(=O)OCCC(C(=O)O)N
O-Acetyl-L-serine	CC(=O)OCC(C(=O)O)N
O-Phospho-L-homoserine	C(COP(=O)(O)O)C(C(=O)O)N
O-Phosphoviomycin	C1C(N=C(NC1O)N)C2C(=O)NCC(C(=O)NC(C(=O)NC(C(=O)NC(=CNC(=O)N)C(=O)N2)CO)COP(=O)(O)O)NC(=O)CC(CCCN)N
O-Succinyl-L-homoserine	C(COC(=O)CCC(=O)O)C(C(=O)O)N
O2	O=O
O2-	
Octadecenoyl-ACP	
Octadecenoyl-CoA	
Octanoyl-ACP	
Octanoyl-CoA	CCCCCCCC(=O)SCCNC(=O)CCNC(=O)C(C(C)(C)COP(=O)(O)OP(=O)(O)OCC1C(C(C(O1)N2C=NC3=C(N=CN=C32)N)O)OP(=O)(O)O)O
Octodecanoyl-ACP	
Oleate	CCCCCCCCC=CCCCCCCCC(=O)[O-]
Oleoyl-CoA	CCCCCCCCC=CCCCCCCCC(=O)SCCNC(=O)CCNC(=O)C(C(C)(C)COP(=O)(O)OP(=O)(O)OCC1C(C(C(O1)N2C=NC3=C(N=CN=C32)N)O)OP(=O)(O)O)O
Ornithine	C(CC(C(=O)O)N)CN
Orotate	C1=C(NC(=O)NC1=O)C(=O)[O-]
Orotidylic acid	C1=C(N(C(=O)NC1=O)C2C(C(C(O2)COP(=O)(O)O)O)O)C(=O)O
Oxalate	C(=O)(C(=O)[O-])[O-]
Oxaloacetate	C(C(=O)C(=O)O)C(=O)O
Oxalosuccinate	C(C(C(=O)C(=O)O)C(=O)O)C(=O)O
Oxalyl-CoA	CC(C)(COP(=O)(O)OP(=O)(O)OCC1C(C(C(O1)N2C=NC3=C(N=CN=C32)N)O)OP(=O)(O)O)C(C(=O)NCCC(=O)NCCSC(=O)C(=O)O)O
Oxidized glutathione	
Oxidizedferredoxin	
PACT	
PAN	C1=CC=C2C(=C1)C=CC(=C2N=NC3=CC=CC=N3)O
PM	[Pm]
PNP	C1=CC(=CC=C1[N+](=O)[O-])O
PPi	
PRPP	C(C1C(C(C(O1)OP(=O)(O)OP(=O)(O)O)O)O)OP(=O)(O)O
Palmatine	COC1=C(C2=C[N+]3=C(C=C2C=C1)C4=CC(=C(C=C4CC3)OC)OC)OC
Palmitate	CCCCCCCCCCCCCCCC(=O)O
Palmitoleic acid	CCCCCCC=CCCCCCCCC(=O)O
Palmitoyl-CoA	CCCCCCCCCCCCCCCC(=O)SCCNC(=O)CCNC(=O)C(C(C)(C)COP(=O)(O)OP(=O)(O)OCC1C(C(C(O1)N2C=NC3=C(N=CN=C32)N)O)OP(=O)(O)O)O
Pantoate	CC(C)(CO)C(C(=O)[O-])O
Pb	[Pb]
Pelargonidin 3-O-beta-D-glucoside 5-O-(6-coumaroyl-beta-D-glucoside)	C1=CC(=CC=C1C=CC(=O)OCC2C(C(C(C(O2)OC3=CC(=CC4=[O+]C(=C(C=C34)OC5C(C(C(C(O5)CO)O)O)O)C6=CC=C(C=C6)O)O)O)O)O)O
Pelargonidin 3-glucoside 5-caffeoylglucoside	C1=CC(=CC=C1C2=C(C=C3C(=CC(=CC3=[O+]2)O)OC4C(C(C(C(O4)COC(=O)C=CC5=CC(=C(C=C5)O)O)O)O)O)OC6C(C(C(C(O6)CO)O)O)O)O
Pelargonin	C1=CC(=CC=C1C2=C(C=C3C(=CC(=CC3=[O+]2)O)OC4C(C(C(C(O4)CO)O)O)O)OC5C(C(C(C(O5)CO)O)O)O)O
Peptide 3-hydroxy-L-aspartate	
Peptide L-aspartate	
Peptidoglycan polymer (n subunits)	
Peptidoglycan polymer (n-1 subunits)	
Phenethylamine	C1=CC=C(C=C1)CCN
Phenylpyruvate	C1=CC=C(C=C1)CC(=O)C(=O)O
Phosphate	[O-]P(=O)([O-])[O-]
Phosphatidylglycerol dioctadecanoyl	
Phosphatidylglycerophosphate didodecanoyl	
Phosphatidylglycerophosphate dihexadec-9-enoyl	
Phosphatidylglycerophosphate dihexadecanoyl	
Phosphatidylglycerophosphate dioctadec-11-enoyl	
Phosphatidylglycerophosphate dioctadecanoyl	
Phosphatidylglycerophosphate ditetradec-7-enoyl	
Phosphatidylglycerophosphate ditetradecanoyl	
Phosphoenol-4-deoxy-3-tetrulosonate	C=C(C(C(=O)O)O)OP(=O)(O)O
Phosphoenolpyruvate	C=C(C(=O)O)OP(=O)(O)O
Phosphoethanolamine	C(COP(=O)(O)O)N
Phospholipid methylene fatty acid	
Phospholipid olefinic fatty acid	
Phosphonoacetaldehyde	C(C=O)P(=O)(O)O
Phosphopantetheine	CC(C)(COP(=O)(O)O)C(C(=O)NCCC(=O)NCCS)O
Phosphoribosyl-AMP	C1=NC2=C(N1C3C(C(C(O3)COP(=O)(O)O)O)O)N=CN(C2=N)C4C(C(C(O4)COP(=O)(O)O)O)O
Phosphoribosyl-ATP	C1=NC2=C(N1C3C(C(C(O3)COP(=O)(O)OP(=O)(O)OP(=O)(O)O)O)O)N=CN(C2=N)C4C(C(C(O4)COP(=O)(O)O)O)O
Phthalate	C1=CC=C(C(=C1)C(=O)[O-])C(=O)[O-]
Phytyl diphosphate	CC(C)CCCC(C)CCCC(C)CCCC(=CCOP(=O)(O)OP(=O)(O)O)C
Pimeloyl-CoA	CC(C)(COP(=O)(O)OP(=O)(O)OCC1C(C(C(O1)N2C=NC3=C(N=CN=C32)N)O)OP(=O)(O)O)C(C(=O)NCCC(=O)NCCSC(=O)CCCCCC(=O)O)O
Plasmenylethanolamine	
Porphobilinogen	C1=C(C(=C(N1)CN)CC(=O)O)CCC(=O)O
Precorrin 1	CC1(C(C2=NC1=CC3=C(C(=C(N3)CC4=C(C(=C(N4)CC5=C(C(=C(C2)N5)CC(=O)O)CCC(=O)O)CC(=O)O)CCC(=O)O)CCC(=O)O)CC(=O)O)CCC(=O)O)CC(=O)O
Precorrin 2	CC1(C(C2=CC3=NC(=CC4=C(C(=C(N4)CC5=C(C(=C(N5)C=C1N2)CC(=O)O)CCC(=O)O)CCC(=O)O)CC(=O)O)C(C3(C)CC(=O)O)CCC(=O)O)CCC(=O)O)CC(=O)O
Precorrin 8	CC1C2=NC(CC3=NC(=C(C4=NC(C5C(C(C1=N5)(C)CCC(=O)O)CC(=O)O)(C(C4CCC(=O)O)(C)CC(=O)O)C)C)C(C3CCC(=O)O)(C)CC(=O)O)(C(=C2CCC(=O)O)C)C
Prenol-45n teichoic acid	
Prenol-45n teichoic acid-alanine substituted	
Prenol-45n teichoic acid-glucose substituted	
Prephenate	C1=CC(C=CC1O)(CC(=O)C(=O)O)C(=O)O
Pretyrosine	C1=CC(C=CC1O)(CC(C(=O)O)N)C(=O)O
Propionate	CCC(=O)[O-]
Propionyl phosphate	CCC(=O)OP(=O)(O)O
Propionyl-CoA	CCC(=O)SCCNC(=O)CCNC(=O)C(C(C)(C)COP(=O)(O)OP(=O)(O)OCC1C(C(C(O1)N2C=NC3=C(N=CN=C32)N)O)OP(=O)(O)O)O
Protein N-pros-phosphohistidine	
Protein biosynthesis	
Protein histidine	
Protein serine	
Protein tyrosine	
Protein tyrosine phosphate	
Protochlorophyllide	CCC1=C(C2=NC1=CC3=C(C4=C([N-]3)C(=C5C(=C(C(=N5)C=C6C(=C(C(=C2)[N-]6)C=C)C)C)CCC(=O)O)C(C4=O)C(=O)OC)C)C.[Mg+2]
Protoporphyrin	CC1=C(C2=CC3=NC(=CC4=NC(=CC5=C(C(=C(N5)C=C1N2)C=C)C)C(=C4CCC(=O)O)C)C(=C3C)CCC(=O)O)C=C
ProtoporphyrinogenIX	
Provitamin D3	CC(C)CCCC(C)C1CCC2C1(CCC3C2=CC=C4C3(CCC(C4)O)C)C
Pseudoecgonine	CN1C2CCC1C(C(C2)O)C(=O)O
Putrescine	C(CCN)CN
Pyridoxal	CC1=NC=C(C(=C1O)C=O)CO
Pyridoxal phosphate	CC1=NC=C(C(=C1O)C=O)COP(=O)(O)O
Pyridoxamine phosphate	CC1=NC=C(C(=C1O)CN)COP(=O)(O)O
Pyridoxine phosphate	CC1=NC=C(C(=C1O)CO)COP(=O)(O)O
Pyridoxol	CC1=NC=C(C(=C1O)CO)CO
Pyruvate	CC(=O)C(=O)[O-]
Quinolinate	C1=CC(=C(N=C1)C(=O)O)C(=O)O
R-3-hydroxypalmitoyl-acyl-carrierprotein-	
R-CN	
R-S-Glutathione	
RCHO	C(CCC=O)CC=CCC(C=CC=CC=CC(CCCC(=O)O)O)O
RNA transcription	
Reduced riboflavin	CC1=CC2=C(C=C1C)N(C3=C(N2)C(=O)NC(=O)N3)CC(C(C(CO)O)O)O
Reducedferredoxin	
Retinal	CC1=C(C(CCC1)(C)C)C=CC(=CC=CC(=CC=O)C)C
Retinol	CC1=C(C(CCC1)(C)C)C=CC(=CC=CC(=CCO)C)C
Retinol palmitate	CCCCCCCCCCCCCCCC(=O)OCC=C(C)C=CC=C(C)C=CC1=C(CCCC1(C)C)C
Retinyl ester	CC1CCCC(C1C=CC(=CC=CC(=CC(=O)O)C)C)(C)C
Riboflavin	CC1=CC2=C(C=C1C)N(C3=NC(=O)NC(=O)C3=N2)CC(C(C(CO)O)O)O
Ribose 1-phosphate	C(C1C(C(C(O1)OP(=O)(O)O)O)O)O
S	[S]
S-(2,2-Dichloro-1-hydroxy)ethyl glutathione	C(CC(=O)NC(CSC(C(Cl)Cl)O)C(=O)NCC(=O)O)C(C(=O)O)N
S-(2-Chloroacetyl)glutathione	C(CC(=O)NC(CSC(=O)CCl)C(=O)NCC(=O)O)C(C(=O)O)N
S-(Formylmethyl)glutathione	C(CC(=O)NC(CSCC=O)C(=O)NCC(=O)O)C(C(=O)O)N
S-(Hydroxymethyl)glutathione	C(CC(=O)NC(CSCO)C(=O)NCC(=O)O)C(C(=O)O)N
S-Acetyldihydrolipoamide	CC(=O)SC(CCCCC(=O)N)CCS
S-Adenosyl-4-methylthio-2-oxobutanoate	C[S+](CCC(=O)C(=O)O)CC1C(C(C(O1)N2C=NC3=C(N=CN=C32)N)O)O
S-Adenosyl-L-methionine	C[S+](CCC(C(=O)[O-])N)CC1C(C(C(O1)N2C=NC3=C(N=CN=C32)N)O)O
S-Adenosyl-homocysteine	C1=NC(=C2C(=N1)N(C=N2)C3C(C(C(O3)CSCCC(C(=O)O)N)O)O)N
S-Adenosylmethioninamine	C[S+](CCCN)CC1C(C(C(O1)N2C=NC3=C(N=CN=C32)N)O)O
S-Aminomethyldihydrolipoylprotein	C(CCC(=O)N)CC(CCSCN)S
S-Dihydroorotate	
S-Formylglutathione	C(CC(=O)NC(CSC=O)C(=O)NCC(=O)O)C(C(=O)O)N
S-Formylmycothiol	CC(=O)NC(CSC=O)C(=O)NC1C(C(C(OC1OC2C(C(C(C(C2O)O)O)O)O)CO)O)O
S-Methyl-1-thio-D-glycerate	CSC(=O)C(CO)O
S-Methyl-3-phospho-1-thio-D-glycerate	CSC(=O)C(COP(=O)(O)O)O
SAICAR	C1=NC(=C(N1C2C(C(C(O2)COP(=O)(O)O)O)O)N)C(=O)NC(CC(=O)O)C(=O)O
SALC	
SHCHC	C1=CC(C(C(=C1)C(=O)CCC(=O)O)C(=O)O)O
Saccharopine	C(CCNC(CCC(=O)O)C(=O)O)CC(C(=O)O)N
Salicylaldehyde	C1=CC=C(C(=C1)C=O)O
Secondary alcohol	CO
Sedoheptulose 1,7-bisphosphate	C(C(C(C(C(C(=O)COP(=O)(O)O)O)O)O)O)OP(=O)(O)O
Sedoheptulose7-phosphate	
Selenocystathionine	C(C[Se]CC(C(=O)O)N)C(C(=O)O)N
Selenohomocysteine	
Sepiapterin	CC(C(=O)C1=NC2=C(NC1)N=C(NC2=O)N)O
Serotonin	C1=CC2=C(C=C1O)C(=CN2)CCN
Shikimate	C1C(C(C(C=C1C(=O)[O-])O)O)O
Sinapaldehyde	COC1=CC(=CC(=C1O)OC)C=CC=O
Sinapate	COC1=CC(=CC(=C1O)OC)C=CC(=O)O
Siroheme	CC1(C(C2=NC1=CC3=NC(=CC4=C(C(=C([N-]4)C=C5C(=C(C(=C2)[N-]5)CC(=O)O)CCC(=O)O)CCC(=O)O)CC(=O)O)C(C3CCC(=O)O)(C)CC(=O)O)CCC(=O)O)CC(=O)O.[Fe+2]
Sirohydrochlorin	CC1(C(C2=NC1=CC3=NC(=CC4=C(C(=C(N4)C=C5C(=C(C(=C2)N5)CC(=O)O)CCC(=O)O)CCC(=O)O)CC(=O)O)C(C3CCC(=O)O)(C)CC(=O)O)CCC(=O)O)CC(=O)O
Solanesyl diphosphate	CC(=CCCC(=CCCC(=CCCC(=CCCC(=CCCC(=CCCC(=CCCC(=CCCC(=CCOP(=O)(O)OP(=O)(O)O)C)C)C)C)C)C)C)C)C
Spermidine	C(CCNCCCN)CN
Stearoyl-[acyl-carrier protein]	
Stearoylcardiolipin (B. subtilis)	
Sterol	C1CC2CCC3C4CCC(CC4CCC3C2C1)O
Steryl ester	
Styrene oxide	C1C(O1)C2=CC=CC=C2
Succinate	C(CC(=O)[O-])C(=O)[O-]
Succinyl-CoA	CC(C)(COP(=O)(O)OP(=O)(O)OCC1C(C(C(O1)N2C=NC3=C(N=CN=C32)N)O)OP(=O)(O)O)C(C(=O)NCCC(=O)NCCSC(=O)CCC(=O)O)O
Succinylbenzoate	C1=CC=C(C(=C1)C(=O)CCC(=O)O)C(=O)O
Succinylbenzoyl-CoA	CC(C)(COP(=O)(O)OP(=O)(O)OCC1C(C(C(O1)N2C=NC3=C(N=CN=C32)N)O)OP(=O)(O)O)C(C(=O)NCCC(=O)NCCSC(=O)CCC(=O)C4=CC=CC=C4C(=O)O)O
Sulfate	[O-]S(=O)(=O)[O-]
Sulfite	[O-]S(=O)[O-]
Sulfoacetate	C(C(=O)O)S(=O)(=O)O
TCE	
THF-L-glutamate	C1C(NC2=C(N1)N=C(NC2=O)N)CNC3=CC=C(C=C3)C(=O)NC(CCC(=O)NC(CCC(=O)O)C(=O)O)C(=O)O
TPP	
TTP	CC1=CN(C(=O)NC1=O)C2CC(C(O2)COP(=O)(O)OP(=O)(O)OP(=O)(O)O)O
Taurine	C(CS(=O)(=O)O)N
Taurochenodeoxycholate	CC(CCC(=O)NCCS(=O)(=O)O)C1CCC2C1(CCC3C2C(CC4C3(CCC(C4)O)C)O)C
Taurocholate	CC(CCC(=O)NCCS(=O)(=O)[O-])C1CCC2C1(C(CC3C2C(CC4C3(CCC(C4)O)C)O)O)C
Taurocyamine	C(CS(=O)(=O)O)N=C(N)N
Taurodeoxycholate	CC(CCC(=O)NCCS(=O)(=O)[O-])C1CCC2C1(C(CC3C2CCC4C3(CCC(C4)O)C)O)C
Tetrahydrobiopterin	CC(C(C1CNC2=C(N1)C(=O)NC(=N2)N)O)O
Tetrahydrofolate	C1C(NC2=C(N1)N=C(NC2=O)N)CNC3=CC=C(C=C3)C(=O)NC(CCC(=O)O)C(=O)O
Tetrahydropalmatine	COC1=C(C2=C(CC3C4=CC(=C(C=C4CCN3C2)OC)OC)C=C1)OC
Thiamine phosphate	CC1=C(SC=[N+]1CC2=CN=C(N=C2N)C)CCOP(=O)(O)O
Thiocyanate	C(#N)[S-]
Thymidine	CC1=CN(C(=O)NC1=O)C2CC(C(O2)CO)O
Thymine	CC1=CNC(=O)NC1=O
Tiglyl-CoA	CC=C(C)C(=O)SCCNC(=O)CCNC(=O)C(C(C)(C)COP(=O)(O)OP(=O)(O)OCC1C(C(C(O1)N2C=NC3=C(N=CN=C32)N)O)OP(=O)(O)O)O
Toxopyrimidine	CC1=NC=C(C(=N1)N)CO
Trichloroethanol	C(C(Cl)(Cl)Cl)O
Triphosphate	[O-]P(=O)([O-])OP(=O)([O-])OP(=O)([O-])[O-]
Tryptamine	C1=CC=C2C(=C1)C(=CN2)CCN
Tyramine	C1=CC(=CC=C1CCN)O
UDP	C1=CN(C(=O)NC1=O)C2C(C(C(O2)COP(=O)(O)OP(=O)(O)O)O)O
UDP-2,3-bis(3-hydroxytetradecanoyl)glucosamine	CCCCCCCCCCCC(CC(=O)NC1C(C(C(OC1OP(=O)(O)OP(=O)(O)OCC2C(C(C(O2)N3C=CC(=O)NC3=O)O)O)CO)O)OC(=O)CC(CCCCCCCCCCC)O)O
UDP-3-O-(beta-hydroxymyristoyl)-D-glucosamine	CCCCCCCCCCCC(CC(=O)OC1C(C(OC(C1O)CO)OP(=O)(O)OP(=O)(O)OCC2C(C(C(O2)N3C=CC(=O)NC3=O)O)O)N)O
UDP-3-O-(beta-hydroxymyristoyl)-N-acetylglucosamine	CCCCCCCCCCCC(CC(=O)OC1C(C(OC(C1O)CO)OP(=O)(O)OP(=O)(O)OCC2C(C(C(O2)N3C=CC(=O)NC3=O)O)O)NC(=O)C)O
UDP-6-sulfoquinovose	C1=CN(C(=O)NC1=O)C2C(C(C(O2)COP(=O)(O)OP(=O)(O)OC3C(C(C(C(O3)CS(=O)(=O)O)O)O)O)O)O
UDP-MurNAc	CC(C(=O)O)OC1C(C(OC(C1O)CO)OP(=O)(O)OP(=O)(O)OCC2C(C(C(O2)N3C=CC(=O)NC3=O)O)O)NC(=O)C
UDP-N-acetyl-D-galactosamine	CC(=O)NC1C(C(C(OC1OP(=O)(O)OP(=O)(O)OCC2C(C(C(O2)N3C=CC(=O)NC3=O)O)O)CO)O)O
UDP-N-acetyl-D-mannosamine	CC(=O)NC1C(C(C(OC1OP(=O)(O)OP(=O)(O)OCC2C(C(C(O2)N3C=CC(=O)NC3=O)O)O)CO)O)O
UDP-N-acetylglucosamine	CC(=O)NC1C(C(C(OC1OP(=O)(O)OP(=O)(O)OCC2C(C(C(O2)N3C=CC(=O)NC3=O)O)O)CO)O)O
UDP-N-acetylglucosamine enolpyruvate	CC(=O)NC1C(C(C(OC1OP(=O)(O)OP(=O)(O)OCC2C(C(C(O2)N3C=CC(=O)NC3=O)O)O)CO)O)OC(=C)C(=O)O
UDP-N-acetylmuramoyl-L-alanine	CC(C(=O)O)NC(=O)C(C)OC1C(C(OC(C1O)CO)OP(=O)(O)OP(=O)(O)OCC2C(C(C(O2)N3C=CC(=O)NC3=O)O)O)NC(=O)C
UDP-N-acetylmuramoyl-L-alanyl-D-gamma-glutamyl-meso-2-6-diaminopimelate	
UDP-N-acetylmuramoyl-L-alanyl-D-glutamate	CC(C(=O)NC(CCC(=O)O)C(=O)O)NC(=O)C(C)OC1C(C(OC(C1O)CO)OP(=O)(O)OP(=O)(O)OCC2C(C(C(O2)N3C=CC(=O)NC3=O)O)O)NC(=O)C
UDP-N-acetylmuramoyl-L-alanyl-D-glutamyl-6-carboxy-L-lysyl-D-alanyl- D-alanine	
UDP-N-acetylmuramoyl-L-alanyl-D-glutamyl-L-lysine	CC(C(=O)NC(CCC(=O)NC(CCCCN)C(=O)O)C(=O)O)NC(=O)C(C)OC1C(C(OC(C1O)CO)OP(=O)(O)OP(=O)(O)OCC2C(C(C(O2)N3C=CC(=O)NC3=O)O)O)NC(=O)C
UDP-galactosamine	C1=CN(C(=O)NC1=O)C2C(C(C(O2)COP(=O)(O)OP(=O)(O)OC3C(C(C(C(O3)CO)O)O)N)O)O
UDP-galactose	C1=CN(C(=O)NC1=O)C2C(C(C(O2)COP(=O)(O)OP(=O)(O)OC3C(C(C(C(O3)CO)O)O)O)O)O
UDP-glucosamine	C1=CN(C(=O)NC1=O)C2C(C(C(O2)COP(=O)(O)OP(=O)(O)OC3C(C(C(C(O3)CO)O)O)N)O)O
UDP-glucose	C1=CN(C(=O)NC1=O)C2C(C(C(O2)COP(=O)(O)OP(=O)(O)OC3C(C(C(C(O3)CO)O)O)O)O)O
UDPMurAc(oyl-L-Ala-D-gamma-Glu-L-Lys-D-Ala-D-Ala)	CC(C(=O)NC(CCC(=O)NC(CCCCN)C(=O)NC(C)C(=O)NC(C)C(=O)O)C(=O)O)NC(=O)C(C)OC1C(C(OC(C1O)CO)OP(=O)(O)OP(=O)(O)OCC2C(C(C(O2)N3C=CC(=O)NC3=O)O)O)NC(=O)C
UDPglucuronate	C1=CN(C(=O)NC1=O)C2C(C(C(O2)COP(=O)(O)OP(=O)(O)OC3C(C(C(C(O3)C(=O)O)O)O)O)O)O
UMP	C1=CN(C(=O)NC1=O)C2C(C(C(O2)COP(=O)(O)O)O)O
UTP	C1=CN(C(=O)NC1=O)C2C(C(C(O2)COP(=O)(O)OP(=O)(O)OP(=O)(O)O)O)O
Ubiquinol-8	CC1=C(C(=C(C(=C1O)OC)OC)O)CC=C(C)CCC=C(C)CCC=C(C)CCC=C(C)CCC=C(C)CCC=C(C)CCC=C(C)CCC=C(C)C
Ubiquinone-8	CC1=C(C(=O)C(=C(C1=O)OC)OC)CC=C(C)CCC=C(C)CCC=C(C)CCC=C(C)CCC=C(C)CCC=C(C)CCC=C(C)CCC=C(C)C
Undecaprenyl-diphospho-N-acetylmuramoyl-(N-acetylglucosamine)-L-alanyl-D-glutaminyl-L-lysyl-D-alanyl-D-alanine	
Undecaprenyl-diphospho-N-acetylmuramoyl-(N-acetylglucosamine)-L-alanyl-D-glutaminyl-meso-2,6-diaminopimeloyl-D-alanyl-D-alanine	CC(C(=O)NC(CCC(=O)N)C(=O)NC(CCCC(C(=O)O)N)C(=O)NC(C)C(=O)NC(C)C(=O)O)NC(=O)C(C)OC1C(C(OC(C1OC2C(C(C(C(O2)CO)O)O)NC(=O)C)CO)OP(=O)(O)OP(=O)(O)OCC=C(C)CCC=C(C)CCC=C(C)CCC=C(C)CCC=C(C)CCC=C(C)CCC=C(C)CCC=C(C)CCC=C(C)CCC=C(C)CCC=C(C)C)NC(=O)C
Undecaprenyl-diphospho-N-acetylmuramoyl-(N-acetylglucosamine)-L-alanyl-D-glutamyl-L-lysyl-D-alanyl-D-alanine	
Undecaprenyl-diphospho-N-acetylmuramoyl-(N-acetylglucosamine)-L-alanyl-D-isoglutaminyl-L-lysyl-D-alanyl-D-alanine	CC(C(=O)NC(CCC(=O)NC(CCCCN)C(=O)NC(C)C(=O)NC(C)C(=O)O)C(=O)N)NC(=O)C(C)OC1C(C(OC(C1OC2C(C(C(C(O2)CO)O)O)NC(=O)C)CO)OP(=O)(O)OP(=O)(O)OCC=C(C)CCC=C(C)CCC=C(C)CCC=C(C)CCC=C(C)CCC=C(C)CCC=C(C)CCC=C(C)CCC=C(C)CCC=C(C)CCC=C(C)C)NC(=O)C
Undecaprenyl-diphospho-N-acetylmuramoyl-(N-acetylglucosamine)-L-alanyl-gamma-D-glutamyl-L-lysyl-D-alanyl-D-alanine	CC(C(=O)NC(CCC(=O)NC(CCCCN)C(=O)NC(C)C(=O)NC(C)C(=O)O)C(=O)O)NC(=O)C(C)OC1C(C(OC(C1OC2C(C(C(C(O2)CO)O)O)NC(=O)C)CO)OP(=O)(O)OP(=O)(O)OCC=C(C)CCC=C(C)CCC=C(C)CCC=C(C)CCC=C(C)CCC=C(C)CCC=C(C)CCC=C(C)CCC=C(C)CCC=C(C)CCC=C(C)C)NC(=O)C
Undecaprenyl-diphospho-N-acetylmuramoyl--N-acetylglucosamine-L-ala-D-glu-meso-2-6-diaminopimeloyl-D-ala-D-ala	
Undecaprenyl-diphospho-N-acetylmuramoyl-L-alanyl-D-glutamyl-meso-2-6-diaminopimeloyl-D-alanyl-D-alanine	
Undecaprenylphosphate	
Uracil	C1=CNC(=O)NC1=O
Urea	C(=O)(N)N
Uridine	C1=CN(C(=O)NC1=O)C2C(C(C(O2)CO)O)O
UroporphyrinogenI	
UroporphyrinogenIII	
Violaxanthin	CC(=CC=CC=C(C)C=CC=C(C)C=CC12C(CC(CC1(O2)C)O)(C)C)C=CC=C(C)C=CC34C(CC(CC3(O4)C)O)(C)C
Viomycin	C1C(N=C(NC1O)N)C2C(=O)NCC(C(=O)NC(C(=O)NC(C(=O)NC(=CNC(=O)N)C(=O)N2)CO)CO)NC(=O)CC(CCCN)N
XAN	C1=NC2=C(N1)C(=O)NC(=O)N2
XMP	C1=NC2=C(N1C3C(C(C(O3)COP(=O)(O)O)O)O)NC(=O)NC2=O
Xanthosine	C1=NC2=C(N1C3C(C(C(O3)CO)O)O)NC(=O)NC2=O
Xylose	C1C(C(C(C(O1)O)O)O)O
Zn2+	[Zn+2]
Zymosterol	CC(CCC=C(C)C)C1CCC2C1(CCC3=C2CCC4C3(CCC(C4)O)C)C
[Protein]-D-serine	
ala-L-Thr-L	
ala-L-asp-L	
ala-L-glu-L	
all-trans-Heptaprenyl diphosphate	CC(=CCCC(=CCCC(=CCCC(=CCCC(=CCCC(=CCCC(=CCOP(=O)(O)OP(=O)(O)O)C)C)C)C)C)C)C
alpha-D-Galactosyl-diphosphoundecaprenol	CC(=CCCC(=CCCC(=CCCC(=CCCC(=CCCC(=CCCC(=CCCC(=CCCC(=CCCC(=CCCC(=CCOP(=O)(O)OP(=O)(O)OC1C(C(C(C(O1)CO)O)O)O)C)C)C)C)C)C)C)C)C)C)C
alpha-D-Hexose 1-phosphate	C(C1C(C(C(C(O1)OP(=O)(O)O)O)O)O)O
alpha-D-Hexose 6-phosphate	C(C1C(C(C(C(O1)O)O)O)O)OP(=O)(O)O
alpha-D-glucose-1,6-biphosphate	
alpha-Farnesene	CC(=CCCC(=CCC=C(C)C=C)C)C
alpha-Linolenoyl-CoA	CCC=CCC=CCC=CCCCCCCCC(=O)SCCNC(=O)CCNC(=O)C(C(C)(C)COP(=O)(O)OP(=O)(O)OCC1C(C(C(O1)N2C=NC3=C(N=CN=C32)N)O)OP(=O)(O)O)O
alpha-N-Acetylneuraminyl-2,3-beta-D-galactosyl-R	
alpha-N-Acetylneuraminyl-2,8-alpha-N-acetylneuraminyl-2,3-beta-D- galactosyl-R	
alpha-Ribazole	CC1=CC2=C(C=C1C)N(C=N2)C3C(C(C(O3)CO)O)O
alpha-Ribazole 5'-phosphate	CC1=CC2=C(C=C1C)N(C=N2)C3C(C(C(O3)COP(=O)(O)O)O)O
alpha-Tolualdehyde	C1=CC=C(C=C1)CC=O
apo-ACP	
beta-Alanine	C(CN)C(=O)O
beta-Alanyl-CoA	CC(C)(COP(=O)(O)OP(=O)(O)OCC1C(C(C(O1)N2C=NC3=C(N=CN=C32)N)O)OP(=O)(O)O)C(C(=O)NCCC(=O)NCCSC(=O)CCN)O
beta-D-Glucose	C(C1C(C(C(C(O1)O)O)O)O)O
beta-D-Glucose 1-phosphate	C(C1C(C(C(C(O1)OP(=O)(O)O)O)O)O)O
beta-D-Glucose 6-phosphate	C(C1C(C(C(C(O1)O)O)O)O)OP(=O)(O)O
beta-L-Aldose 1-phosphate	
butanesulfonate	CCCCS(=O)(=O)[O-]
cAMP	C1C2C(C(C(O2)N3C=NC4=C(N=CN=C43)N)O)OP(=O)(O1)O
cDPG	C1C(OP(=O)(OP(=O)(O1)O)O)C(=O)O
chromate	[O-][Cr](=O)(=O)[O-]
cis-2-Methyl-5-isopropylhexa-2,5-dienal	CC(C)C(=C)CC=C(C)C=O
cis-2-Methyl-5-isopropylhexa-2,5-dienoic acid	CC(C)C(=C)CC=C(C)C(=O)O
cis-3-Chloro-2-propene-1-ol	C(C=CCl)O
cis-3-Chloroallyl aldehyde	C(=CCl)C=O
cis-Aconitate	C(C(=CC(=O)O)C(=O)O)C(=O)O
core oligosaccharide lipid A	
dADP	C1C(C(OC1N2C=NC3=C(N=CN=C32)N)COP(=O)(O)OP(=O)(O)O)O
dAMP	C1C(C(OC1N2C=NC3=C(N=CN=C32)N)COP(=O)(O)O)O
dATP	C1C(C(OC1N2C=NC3=C(N=CN=C32)N)COP(=O)(O)OP(=O)(O)OP(=O)(O)O)O
dCDP	C1C(C(OC1N2C=CC(=NC2=O)N)COP(=O)(O)OP(=O)(O)O)O
dCMP	C1C(C(OC1N2C=CC(=NC2=O)N)COP(=O)(O)O)O
dCTP	C1C(C(OC1N2C=CC(=NC2=O)N)COP(=O)(O)OP(=O)(O)OP(=O)(O)O)O
dGDP	C1C(C(OC1N2C=NC3=C2N=C(NC3=O)N)COP(=O)(O)OP(=O)(O)O)O
dGMP	C1C(C(OC1N2C=NC3=C2N=C(NC3=O)N)COP(=O)(O)O)O
dGTP	C1C(C(OC1N2C=NC3=C2N=C(NC3=O)N)COP(=O)(O)OP(=O)(O)OP(=O)(O)O)O
dTDP	CC1=CN(C(=O)NC1=O)C2CC(C(O2)COP(=O)(O)OP(=O)(O)O)O
dTDP-4-oxo-6-deoxy-D-glucose	CC1C(=O)C(C(C(O1)OP(=O)(O)OP(=O)(O)OCC2C(CC(O2)N3C=C(C(=O)NC3=O)C)O)O)O
dTDP-4-oxo-L-rhamnose	CC1C(=O)C(C(C(O1)OP(=O)(O)OP(=O)(O)OCC2C(CC(O2)N3C=C(C(=O)NC3=O)C)O)O)O
dTDP-rhamnose	CC1C(C(C(C(O1)OP(=O)(O)OP(=O)(O)OCC2C(CC(O2)N3C=C(C(=O)NC3=O)C)O)O)O)O
dTDPglucose	CC1=CN(C(=O)NC1=O)C2CC(C(O2)COP(=O)(O)OP(=O)(O)OC3C(C(C(C(O3)CO)O)O)O)O
dTMP	CC1=CN(C(=O)NC1=O)C2CC(C(O2)COP(=O)(O)O)O
dUDP	C1C(C(OC1N2C=CC(=O)NC2=O)COP(=O)(O)OP(=O)(O)O)O
dUMP	C1C(C(OC1N2C=CC(=O)NC2=O)COP(=O)(O)O)O
dUTP	C1C(C(OC1N2C=CC(=O)NC2=O)COP(=O)(O)OP(=O)(O)OP(=O)(O)O)O
ddca	
delta1-Piperideine-2-carboxylate	C1CCN=C(C1)C(=O)O
deoxyribose-5-phosphate	C1C(C(OC1O)COP(=O)(O)O)O
ethanesulfonate	CCS(=O)(=O)[O-]
fa1	C1C(C(C=CC1(C(=O)O)O)O)O
fa11	
fa11coa	
fa12	
fa12coa	
fa1coa	
fa3	C1C(C(C(=CC1(C(=O)O)O)F)O)O
fa3coa	
fa4	C1=CC=C(C(=C1)CCCCCCCCCC(=O)NC(CCCCN)C(=O)NO)CN=C(N)N
fa4coa	
fa6	
fa6coa	
fe3	
galactosyl-glucosyl-inner core oligosaccharide lipid A	CCCCCCCCCCCCCC(=O)OC(CCCCCCCCCCC)CC(=O)OC1C(C(OC(C1OP(=O)([O-])[O-])COC2(CC(C(C(O2)C(CO)O)OC3C(C(C(C(O3)C(CO)O)OP(=O)([O-])[O-])OC4C(C(C(C(O4)C(COC5C(C(C(C(O5)C(CO)O)O)O)O)O)OP(=O)([O-])[O-])OC6C(C(C(C(O6)COC7C(C(C(C(O7)CO)O)O)O)O)O)O)O)O)OC8(CC(C(C(O8)C(CO)O)O)OC9(CC(C(C(O9)C(CO)O)OC1C(C(C(C(O1)C)O)O)O)O)C(=O)[O-])C(=O)[O-])C(=O)[O-])OCC1C(C(C(C(O1)OP(=O)([O-])[O-])NC(=O)CC(CCCCCCCCCCC)O)OC(=O)CC(CCCCCCCCCCC)O)O)NC(=O)CC(CCCCCCCCCCC)OC(=O)CCCCCCCCCCC
gamma-Glutamyl-3-aminopropiononitrile	C(CNC(=O)CCC(C(=O)O)N)C#N
gamma-Glutamyl-GABA	C(CC(=O)O)CNC(=O)CCC(C(=O)O)N
gamma-Glutamyl-beta-cyanoalanine	C(CC(=O)NC(CC#N)C(=O)O)C(C(=O)O)N
gamma-Glutamylcysteine	C(CC(=O)NC(CS)C(=O)O)C(C(=O)O)N
gamma-Linolenoyl-CoA	CCCCCC=CCC=CCC=CCCCCC(=O)SCCNC(=O)CCNC(=O)C(C(C)(C)COP(=O)(O)OP(=O)(O)OCC1C(C(C(O1)N2C=NC3=C(N=CN=C32)N)O)OP(=O)(O)O)O
gamma-glutamyl-gamma-butyraldehyde	C(CC=O)CNC(=O)CCC(C(=O)O)N
glucosyl-galactosyl-glucosyl-inner core oligosaccharide lipid A	CCCCCCCCCCCCCC(=O)OC(CCCCCCCCCCC)CC(=O)OC1C(C(OC(C1OP(=O)([O-])[O-])COC2(CC(C(C(O2)C(CO)O)OC3C(C(C(C(O3)C(CO)O)OP(=O)([O-])[O-])OC4C(C(C(C(O4)C(COC5C(C(C(C(O5)C(CO)O)O)O)O)O)OP(=O)([O-])[O-])OC6C(C(C(C(O6)COC7C(C(C(C(O7)CO)O)O)O)O)OC8C(C(C(C(O8)CO)O)O)O)O)O)O)OC9(CC(C(C(O9)C(CO)O)O)OC1(CC(C(C(O1)C(CO)O)OC1C(C(C(C(O1)C)O)O)O)O)C(=O)[O-])C(=O)[O-])C(=O)[O-])OCC1C(C(C(C(O1)OP(=O)([O-])[O-])NC(=O)CC(CCCCCCCCCCC)O)OC(=O)CC(CCCCCCCCCCC)O)O)NC(=O)CC(CCCCCCCCCCC)OC(=O)CCCCCCCCCCC
glucosyl-glucosyl-galactosyl-glucosyl-inner core oligosaccharide lipid A	CCCCCCCCCCCCCC(=O)OC(CCCCCCCCCCC)CC(=O)OC1C(C(OC(C1OP(=O)([O-])[O-])COC2(CC(C(C(O2)C(CO)O)OC3C(C(C(C(O3)C(CO)O)OP(=O)([O-])[O-])OC4C(C(C(C(O4)C(COC5C(C(C(C(O5)C(CO)O)O)O)O)O)OP(=O)([O-])[O-])OC6C(C(C(C(O6)COC7C(C(C(C(O7)CO)O)O)O)O)OC8C(C(C(C(O8)CO)O)O)OC9C(C(C(C(O9)CO)O)O)O)O)O)O)OC1(CC(C(C(O1)C(CO)O)O)OC1(CC(C(C(O1)C(CO)O)OC1C(C(C(C(O1)C)O)O)O)O)C(=O)[O-])C(=O)[O-])C(=O)[O-])OCC1C(C(C(C(O1)OP(=O)([O-])[O-])NC(=O)CC(CCCCCCCCCCC)O)OC(=O)CC(CCCCCCCCCCC)O)O)NC(=O)CC(CCCCCCCCCCC)OC(=O)CCCCCCCCCCC
glucosyl-inner core oligosaccharide lipid A	
gly-asn-L	
gly-asp-L	
gly-glu-L	
gly-pro-L	
glycerol teichoic acid (n=45), linked, D-ala substituted	
glycerol teichoic acid (n=45), linked, glucose substituted	
glycerol teichoic acid (n=45), linked, unsubstituted	
glycogen(n-1)	
heptosyl-heptosyl-kdo2-lipidA	CCCCCCCCCCCCCC(=O)OC(CCCCCCCCCCC)CC(=O)OC1C(C(OC(C1OP(=O)([O-])[O-])COC2(CC(C(C(O2)C(CO)O)OC3C(C(C(C(O3)C(CO)O)O)OC4C(C(C(C(O4)C(CO)O)O)O)O)O)OC5(CC(C(C(O5)C(CO)O)O)O)C(=O)[O-])C(=O)[O-])OCC6C(C(C(C(O6)OP(=O)([O-])[O-])NC(=O)CC(CCCCCCCCCCC)O)OC(=O)CC(CCCCCCCCCCC)O)O)NC(=O)CC(CCCCCCCCCCC)OC(=O)CCCCCCCCCCC
heptosyl-kdo2-lipidA	
heptosyl-phospho-heptosyl-heptosyl-kdo2-lipidA	CCCCCCCCCCCCCC(=O)OC(CCCCCCCCCCC)CC(=O)OC1C(C(OC(C1OP(=O)([O-])[O-])COC2(CC(C(C(O2)C(CO)O)OC3C(C(C(C(O3)C(CO)O)O)OC4C(C(C(C(O4)C(COC5C(C(C(C(O5)C(CO)O)O)O)O)O)OP(=O)([O-])[O-])O)O)O)OC6(CC(C(C(O6)C(CO)O)O)O)C(=O)[O-])C(=O)[O-])OCC7C(C(C(C(O7)OP(=O)([O-])[O-])NC(=O)CC(CCCCCCCCCCC)O)OC(=O)CC(CCCCCCCCCCC)O)O)NC(=O)CC(CCCCCCCCCCC)OC(=O)CCCCCCCCCCC
hexadecanoyl-acp	
hexadecenoate	CCCCCCC=CCCCCCCCC(=O)O
hexadecenoyl-[acyl-carrier protein]	
hexanesulfonate	
imidazole acetol-phosphate	C1=C(NC=N1)CC(=O)COP(=O)(O)O
indol	C1=CC=C2C(=C1)C=CN2
inner core oligosaccharide lipid A	CCCCCCCCCCCCCC(=O)OC(CCCCCCCCCCC)CC(=O)OC1C(C(OC(C1OP(=O)([O-])[O-])COC2(CC(C(C(O2)C(CO)O)OC3C(C(C(C(O3)C(CO)O)O)OC4C(C(C(C(O4)C(COC5C(C(C(C(O5)C(CO)O)O)O)O)O)OP(=O)([O-])[O-])O)O)O)OC6(CC(C(C(O6)C(CO)O)O)O)C(=O)[O-])C(=O)[O-])OCC7C(C(C(C(O7)OP(=O)([O-])[O-])NC(=O)CC(CCCCCCCCCCC)O)OC(=O)CC(CCCCCCCCCCC)O)O)NC(=O)CC(CCCCCCCCCCC)OC(=O)CCCCCCCCCCC
isobutyryl-ACP	
isovaleryl-ACP	
kdo-phospho-heptosyl-phospho-heptosyl-heptosyl-kdo2-lipidA	CCCCCCCCCCCCCC(=O)OC(CCCCCCCCCCC)CC(=O)OC1C(C(OC(C1OP(=O)([O-])[O-])COC2(CC(C(C(O2)C(CO)O)OC3C(C(C(C(O3)C(CO)O)OP(=O)([O-])[O-])OC4C(C(C(C(O4)C(COC5C(C(C(C(O5)C(CO)O)O)O)O)O)OP(=O)([O-])[O-])O)O)O)OC6(CC(C(C(O6)C(CO)O)O)OC7(CC(C(C(O7)C(CO)O)O)O)C(=O)[O-])C(=O)[O-])C(=O)[O-])OCC8C(C(C(C(O8)OP(=O)([O-])[O-])NC(=O)CC(CCCCCCCCCCC)O)OC(=O)CC(CCCCCCCCCCC)O)O)NC(=O)CC(CCCCCCCCCCC)OC(=O)CCCCCCCCCCC
kdo2-lipid a	CCCCCCCCCCCCCC(=O)OC(CCCCCCCCCCC)CC(=O)OC1C(C(OC(C1OP(=O)(O)O)COC2(CC(C(C(O2)C(CO)O)O)OC3(CC(C(C(O3)C(CO)O)O)O)C(=O)O)C(=O)O)OCC4C(C(C(C(O4)OP(=O)(O)O)NC(=O)CC(CCCCCCCCCCC)O)OC(=O)CC(CCCCCCCCCCC)O)O)NC(=O)CC(CCCCCCCCCCC)OC(=O)CCCCCCCCCCC
kdo2-lipid iva	CCCCCCCCCCCC(CC(=O)NC1C(C(C(OC1OP(=O)(O)O)COC2C(C(C(C(O2)COC3(CC(C(C(O3)C(CO)O)O)OC4(CC(C(C(O4)C(CO)O)O)O)C(=O)O)C(=O)O)OP(=O)(O)O)OC(=O)CC(CCCCCCCCCCC)O)NC(=O)CC(CCCCCCCCCCC)O)O)OC(=O)CC(CCCCCCCCCCC)O)O
meso-2,6-Diaminopimelate	C(CC(C(=O)[O-])[NH3+])CC(C(=O)[O-])[NH3+]
met-L-ala-L	
methanesulfonate	CS(=O)(=O)[O-]
methylthioribose-1-phosphate	
methylthioribulose-1-phosphate	
n-acetylglutamyl-phosphate	
o-Formylbenzoic acid	C1=CC=C(C(=C1)C=O)C(=O)O
ocdca	
octadecenoate	CCCCCCCCCCCCCCCC=CC(=O)[O-]
octanoate	CCCCCCCC(=O)[O-]
p-hydroxyphenylpyruvate	C1=CC(=CC=C1CC(=O)C(=O)O)O
phosphatidylethanolamine dioctadecanoyl	
phospho-heptosyl-heptosyl-kdo2-lipidA	CCCCCCCCCCCCCC(=O)OC(CCCCCCCCCCC)CC(=O)OC1C(C(OC(C1OP(=O)([O-])[O-])COC2(CC(C(C(O2)C(CO)O)OC3C(C(C(C(O3)C(CO)O)O)OC4C(C(C(C(O4)C(CO)O)OP(=O)([O-])[O-])O)O)O)OC5(CC(C(C(O5)C(CO)O)O)O)C(=O)[O-])C(=O)[O-])OCC6C(C(C(C(O6)OP(=O)([O-])[O-])NC(=O)CC(CCCCCCCCCCC)O)OC(=O)CC(CCCCCCCCCCC)O)O)NC(=O)CC(CCCCCCCCCCC)OC(=O)CCCCCCCCCCC
phospho-heptosyl-phospho-heptosyl-heptosyl-kdo2-lipidA	CCCCCCCCCCCCCC(=O)OC(CCCCCCCCCCC)CC(=O)OC1C(C(OC(C1OP(=O)([O-])[O-])COC2(CC(C(C(O2)C(CO)O)OC3C(C(C(C(O3)C(CO)O)OP(=O)([O-])[O-])OC4C(C(C(C(O4)C(COC5C(C(C(C(O5)C(CO)O)O)O)O)O)OP(=O)([O-])[O-])O)O)O)OC6(CC(C(C(O6)C(CO)O)O)O)C(=O)[O-])C(=O)[O-])OCC7C(C(C(C(O7)OP(=O)([O-])[O-])NC(=O)CC(CCCCCCCCCCC)O)OC(=O)CC(CCCCCCCCCCC)O)O)NC(=O)CC(CCCCCCCCCCC)OC(=O)CCCCCCCCCCC
phosphoribosylformiminoaicar-phosphate	C1=NC(=C(N1C2C(C(C(O2)COP(=O)([O-])[O-])O)O)NC=NC3C(C(C(O3)COP(=O)([O-])[O-])O)O)C(=O)N
phosphoribulosylformimino-AICAR-phosphate	C1=NC(=C(N1C2C(C(C(O2)COP(=O)(O)O)O)O)NC=NCC(=O)C(C(COP(=O)(O)O)O)O)C(=O)N
phosphoserine	C(C(C(=O)O)N)OP(=O)(O)O
ribose-5-phosphate	C(C(C(C(C=O)O)O)O)OP(=O)(O)O
strcoa	
tRNA-Glu	
tetrahydrodipicolinate	C1CC(N=C(C1)C(=O)O)C(=O)O
trans,trans,cis-Geranylgeranyl diphosphate	CC(=CCCC(=CCCC(=CCCC(=CCOP(=O)(O)OP(=O)(O)O)C)C)C)C
trans-2-Methyl-5-isopropylhexa-2,5-dienal	CC(C)C(=C)CC=C(C)C=O
trans-2-Methyl-5-isopropylhexa-2,5-dienoic acid	CC(C)C(=C)CC=C(C)C(=O)O
trans-3-Chloro-2-propene-1-ol	C(C=CCl)O
trans-Octodec-2-enoyl-ACP	
trdox	
trdrd	
	
(11Z,14Z,17Z)-icosa-11,14,17-trienoyl-CoA	CCC=CCC=CCC=CCCCCCCCCCC(=O)SCCNC(=O)CCNC(=O)C(C(C)(C)COP(=O)(O)OP(=O)(O)OCC1C(C(C(O1)N2C=NC3=C(N=CN=C32)N)O)OP(=O)(O)O)O
(2E)-Octadecenoyl-CoA	CCCCCCCCCCCCCCCC=CC(=O)SCCNC(=O)CCNC(=O)C(C(C)(C)COP(=O)(O)OP(=O)(O)OCC1C(C(C(O1)N2C=NC3=C(N=CN=C32)N)O)OP(=O)(O)O)O
(2E,11Z,14Z,17Z)-eicosatetraenoyl-CoA	CCC=CCC=CCC=CCCCCCCCC=CC(=O)SCCNC(=O)CCNC(=O)C(C(C)(C)COP(=O)([O-])OP(=O)([O-])OCC1C(C(C(O1)N2C=NC3=C(N=CN=C32)N)O)OP(=O)([O-])[O-])O
(Z)-11-octadecenoic acid	CCCCCCC=CCCCCCCCCCC(=O)O
3-Hydroxystearoyl-CoA	CCCCCCCCCCCCCCCC(CC(=O)SCCNC(=O)CCNC(=O)C(C(C)(C)COP(=O)(O)OP(=O)(O)OCC1C(C(C(O1)N2C=NC3=C(N=CN=C32)N)O)OP(=O)(O)O)O)O
3-Oxostearoyl-CoA	CCCCCCCCCCCCCCCC(=O)CC(=O)SCCNC(=O)CCNC(=O)C(C(C)(C)COP(=O)(O)OP(=O)(O)OCC1C(C(C(O1)N2C=NC3=C(N=CN=C32)N)O)OP(=O)(O)O)O
3-hydroxy-dihomo gamma-linolenoyl-CoA	
3-hydroxy-eicosatrienoyl-CoA	CCC=CCC=CCC=CCCCCCCCC(CC(=O)SCCN=C(CCN=C(C(C(C)(C)COP(=O)(O)OP(=O)(O)OCC1C(C(C(O1)N2C=NC3=C(N=CN=C32)N)O)OP(=O)([O-])[O-])O)[O-])[O-])O
3-oxo-cis-vaccenoyl-ACPs	
3-oxo-dihomo gamma-linolenoyl-CoA	
3-oxo-eicosatrienoyl-CoA	CCC=CCC=CCC=CCCCCCCCC(=O)CC(=O)SCCN=C(CCN=C(C(C(C)(C)COP(=O)(O)OP(=O)(O)OCC1C(C(C(O1)N2C=NC3=C(N=CN=C32)N)O)OP(=O)([O-])[O-])O)[O-])[O-]
8,11,14-Icosatrienoate	CCCCCC=CCC=CCC=CCCCCCCC(=O)O
8,11,14-Icosatrienoyl-CoA	CCCCCC=CCC=CCC=CCCCCCCC(=O)SCCNC(=O)CCNC(=O)C(C(C)(C)COP(=O)(O)OP(=O)(O)OCC1C(C(C(O1)N2C=NC3=C(N=CN=C32)N)O)OP(=O)(O)O)O
Acceptor	
Cis-vaccenoyl-ACPs	
Donor-H2	
ETA	
FA_sink	
FERRICYTOCHROME-B5	
FERROCYTOCHROME-B5	
Gamolenic acid	CCCCCC=CCC=CCC=CCCCCC(=O)O
Linoleate	CCCCCC=CCC=CCCCCCCCC(=O)[O-]
Linolenate	CCC=CCC=CCC=CCCCCCCCC(=O)O
Palmitoleoyl-ACPs	
Palmitoyl-ACP	
R-3-hydroxy-cis-vaccenoyl-ACPs	
a cis-vaccen-2-enoyl-[acp]	
cis-octadec-9-enoyl-coa	CCCCCCCCC=CCCCCCCCC(=O)SCCNC(=O)CCNC(=O)C(C(C)(C)COP(=O)([O-])OP(=O)([O-])OCC1C(C(C(O1)N2C=NC3=C(N=CN=C32)N)O)OP(=O)([O-])[O-])O
dihomo gamma-linolenoyl-2-enoyl-CoA	CCCCCC=CCC=CCC=CCCCCC=CC(=O)SCCNC(=O)CCNC(=O)C(C(C)(C)COP(=O)(O)OP(=O)(O)OCC1C(C(C(O1)N2C=NC3=C(N=CN=C32)N)O)OP(=O)(O)O)O
(2E)-arachidoenoyl-CoA	CCCCCCCCCCCCCCCCCC=CC(=O)SCCNC(=O)CCNC(=O)C(C(C)(C)COP(=O)([O-])OP(=O)([O-])OCC1C(C(C(O1)N2C=NC3=C(N=CN=C32)N)O)OP(=O)([O-])[O-])O
(3R)-3-hydroxy-arachidoyl-CoA	CCCCCCCCCCCCCCCCCC(CC(=O)SCCNC(=O)CCNC(=O)C(C(C)(C)COP(=O)([O-])OP(=O)([O-])OCC1C(C(C(O1)N2C=NC3=C(N=CN=C32)N)O)OP(=O)([O-])[O-])O)O
3-oxo-arachidoyl-CoA	
Acetyl_CoA	
Arachidic acid	CCCCCCCCCCCCCCCCCCCC(=O)O
Icosanoyl-CoA	CCCCCCCCCCCCCCCCCCCC(=O)SCCNC(=O)CCNC(=O)C(C(C)(C)COP(=O)(O)OP(=O)(O)OCC1C(C(C(O1)N2C=NC3=C(N=CN=C32)N)O)OP(=O)(O)O)O
